(Intercept),BOD5,Domg,FecCol,NH3,pH,Phos,qmax,tss,R^2,adjR^2,df,logLik,AICc,delta,weight
-43.57008519304526,,,-0.004924566058049414,6.232591761224167,6.890822976332266,,1.2252448070926094e-4,0.19524591146090603,0.4153753707297577,0.41578851933064964,7,-286.98027341481367,589.3264004881639,0,0.388796107870429
-42.50563832709746,,,-0.004832534900217682,6.125515747676885,6.916180324244088,-1.244560782231317,1.1933924562855263e-4,0.18581226599753564,0.4161495111106456,0.416563429701859,8,-286.9206464331253,591.6190706440284,2.292670155864471,0.123559149407515
-43.349811677832065,,0.2121653673067904,-0.00482152703415274,6.2060752079188815,6.664521830039991,,1.20982347736766e-4,0.19190340159799316,0.4159026219370987,0.41631629496267725,8,-286.93967127710926,591.6571203319963,2.330719843832412,0.121230675524556
-43.67289803934614,0.06296265842323248,,-0.004883495241719911,6.07596347221778,6.901782834389921,,1.2146091802846051e-4,0.19196144549231797,0.4155654614123737,0.41597879908489843,8,-286.96563928674163,591.7090563512611,2.3826558630971704,0.118123079840854
-42.160102389432005,,0.239547880683417,-0.004707825303904884,6.085836133958308,6.662979046045982,-1.3577793217808312,1.1730831869758408e-4,0.18118017957114893,0.4168152345559375,0.417229815301745,9,-286.86930683875346,593.9886136775069,4.662213189342992,0.0377863704403518
-42.566726746787126,0.07634805088010266,,-0.004777235517541964,5.929193572708434,6.930984814787982,-1.3189010413869195,1.1785931658219373e-4,0.18126605533315046,0.41642625470660233,0.4168404485578276,9,-286.8993114947427,594.0486229894854,4.722222501321426,0.0366694436899169
-43.381244194929906,0.01153173886217487,0.2000271097019637,-0.004819899827720139,6.178905465066345,6.679476134291355,,1.2087578151039554e-4,0.19149307433241347,0.4159072727021832,0.41632095035359473,9,-286.9393129716796,594.1286259433592,4.802225455195298,0.035231562202029
-24.724253139989155,,,-0.002660713720452907,,4.77914989473053,,1.1069789318901438e-4,0.16714405844336708,0.36340462784338257,0.3637660843093434,6,-290.8126652625544,594.6373787178799,5.310978229715943,0.0273185496840165
-28.593055525361084,0.4225924413061801,,-0.00276690086657878,,5.208888035169572,,1.0555428004538282e-4,0.14983936209406448,0.3734464300420256,0.3738178744774741,7,-290.0971667115936,595.5601870817238,6.233786593559898,0.0172215544530064
-23.160306092829185,,,-0.002548511717461814,,4.90929508597244,-2.627909155752084,1.0440124018964963e-4,0.14824419050445914,0.36692452064745695,0.367289478136564,7,-290.5631587360666,596.4921711306698,7.1657706425058905,0.0108067370509589
-42.20812758016759,0.02084009361744965,0.21781375947000797,-0.004704045561981863,6.035847821442749,6.689992995588908,-1.3677990744796031,1.1708862026067679e-4,0.18035950626803665,0.4168303740308358,0.41724496983495757,10,-286.8681386237144,596.5210873740111,7.194686885847204,0.0106516160133946
-24.525763166137104,,0.3006032653030277,-0.0025283707750069838,,4.47124756620824,,1.0858423534510885e-4,0.162577670080325,0.3644649312373498,0.3648274423225649,7,-290.73765147113386,596.8411566008043,7.514756112640384,0.009076394257996
-27.019186503111833,0.4325592295079323,,-0.002649945252894127,,5.357587258435243,-2.7979009463909112,9.87290034474427e-5,0.12930878770526508,0.3774308490706113,0.3778062565651698,8,-289.81008608869985,597.3979499551775,8.071549467013597,0.00687079849273436
-29.16785624979152,0.4702220457582058,-0.21013795469087498,-0.002871383904259331,,5.4725634130129714,,1.0645211426806038e-4,0.15108113475541896,0.3738370133361951,0.37420884626107487,8,-290.0691056969702,597.9159891717183,8.589588683554325,0.00530293648095466
-22.835610473078948,,0.3531904609901625,-0.002386453665680577,,4.555141427602277,-2.781626940105083,1.0154950293399144e-4,0.1417734282142434,0.3683762060893938,0.36874260748165816,8,-290.4598521635739,598.6974821049256,9.371081616761671,0.00358771049358322
-36.567800487390436,,,,,6.303661337355157,,1.071621834902673e-4,0.14298387772675852,0.3165999499785088,0.31691485268000086,5,-294.00524280814676,598.7247713305792,9.398370842415261,0.0035390900309832
-34.298766193306484,,0.8660400908164138,,,5.198129722939566,,1.0157938867835328e-4,0.13329024115612023,0.32636181347596616,0.3266864257089574,6,-293.35781604752935,599.7276802878298,10.401279799665872,0.00214344674545983
-27.474571859812414,0.46759093410478175,-0.15540365721002783,-0.00272946553369277,,5.549720591644481,-2.744032321702628,9.952438883005345e-5,0.13062239765310021,0.37764298483009995,0.3780186033231875,9,-289.7947500639149,599.8395001278298,10.513099639665825,0.00202689535803979
-33.42177816577036,,,,,6.4040722512345924,-4.006740541530467,9.778908631508084e-5,0.11572088392037379,0.3249760361973314,0.32529927008200404,6,-293.4502928764668,599.9126339457047,10.586233457540743,0.00195411681268115
-28.94510645984182,,,-0.004394177318163863,5.182198948342917,6.043799975672554,,,0.18155116308308175,0.32463398533847165,0.32495687900597275,6,-293.4730896821649,599.9582275571009,10.631827068937014,0.00191007312649054
-40.07564388228787,0.3414484484926415,,,,6.70004295610625,,1.0289220721615664e-4,0.12822286712164516,0.32320430938073963,0.3235257810365778,6,-293.5682490729701,600.1485463387113,10.822145850547372,0.0017366919692924
3.466149915827879,,1.183157395587149,-0.003016021745736818,,,,9.567385634661305e-5,0.17585300067872506,0.3192591943471462,0.31957674203716613,6,-293.8297973654372,600.6716429236454,11.34524243548151,0.00133700741509515
-26.37908716402949,,,-0.004100755507896471,4.883052716058542,6.221471241690795,-4.667283538797763,,0.14750874500369432,0.3363836366731451,0.3367182170037272,7,-292.68331396812425,600.7324815947851,11.406081106621173,0.00129694890344766
-40.66000477244701,,,,0.8818302668560055,6.785961204146621,,1.08409850613551e-4,0.14405144017101132,0.31831862891043616,0.31863524107726043,6,-293.89193001726653,600.7959082273042,11.469507739140226,0.00125646370569646
-30.939026231053536,,0.8973296442928879,,,5.262803060777965,-4.174521517148581,9.161209274945577e-5,0.10453539245204965,0.3354413363938209,0.33577497947566504,7,-292.7471662749728,600.8601862084822,11.533785720318292,0.00121672424413814
11.996460788707394,,,-0.003834583274077081,,,,1.0171531056545168e-4,0.2028905650038979,0.2986708558763411,0.29896792559912155,5,-295.1706032670937,601.0554922484731,11.729091760309188,0.00110352453664561
-30.456517156703164,0.6949729205345507,,-0.002046387279082087,,6.753088219948745,-7.650626842076083,7.983582018279872e-5,,0.3339051884316907,0.3342373036006492,7,-292.85106513413365,601.0679839268039,11.741583438639964,0.0010966535796574
1.0743862573778955,,1.3449244422514293,-0.004205213663633879,2.914358893910445,,,9.852206235973623e-5,0.19268228447265798,0.33300102803596865,0.33333224389161004,7,-292.912106937117,601.1900675327706,11.8636670446067,0.00103171404409874
-36.98838738354607,0.36153314850789614,,,,6.828479899290513,-4.194687612859744,9.282827061794891e-5,0.09881275537817545,0.33236178072668665,0.3326923607619351,7,-292.9552139796995,601.2762816179356,11.949881129771711,0.000988184850614333
-39.94440337798727,,0.9525757350282146,,1.265436851536655,5.779769838830994,,1.0281196696360416e-4,0.1338536074314577,0.329803553801049,0.33013158932367204,7,-293.127313499827,601.6204806581906,12.294080170026632,0.000831948263740595
-28.83353780479795,,0.6539172808539648,-0.004097174657655035,5.141219295871098,5.379172752620741,,,0.17178042850885825,0.3297791134315343,0.3301071246448093,7,-293.12895450610375,601.6237626707441,12.297362182580173,0.000830584150982766
-30.085901135390362,0.3126145704489836,,-0.004213116653648504,4.449797921344545,6.134722312105651,,,0.165833759068584,0.3294886562181881,0.32981637853135065,7,-293.14845217239264,601.6627580033219,12.336357515157943,0.000814546554302634
-36.78870575485607,0.19618523310888275,0.684954485701177,,,5.657040127260187,,1.0029333905942111e-4,0.126835943559306,0.32811529716393906,0.328441653480435,7,-293.24052809761395,601.8469098537645,12.52050936560056,0.000742895700061889
-37.425010516361645,,,,0.8591545574892995,6.87345122522071,-3.9860364122071656,9.905310430132212e-5,0.11690187141040814,0.3266072384269404,0.3269320947691934,7,-293.3414183204665,602.0486902994696,12.7222898113057,0.000671601685745485
-38.36732870987006,0.5777869351568962,,-0.0029271471756112605,2.7707249383588324,7.750367376660074,-7.870662027354266,8.522796670422339e-5,,0.34395520340736063,0.34429731471455627,8,-292.1669325632787,602.1116429043352,12.785242416171286,0.000650791381816238
11.048578692265876,,,-0.004840981339557538,2.2542336649521966,,,1.0455729320056221e-4,0.21876725777884742,0.3071227236856644,0.3074281999669613,6,-294.6250044160579,602.2620570248869,12.935656536722945,0.000603642462122899
-36.85961050432507,,,-0.0030077702752418626,3.8317387236518834,7.802426403547187,-8.685901166198178,9.12215266777029e-5,,0.3249800033684741,0.32530324119905046,7,-293.4500284070026,602.2659104725418,12.939509984377878,0.000602480529528914
-26.17027669260786,,0.7035897462027589,-0.0037710417031913976,4.828611756583972,5.512504234903088,-4.828739971044124,,0.13581817451437933,0.3423260542855797,0.34266654517729644,8,-292.2785420664399,602.3348619106577,13.008461422493724,0.000582063547345724
-27.52264325145795,0.33441941118029334,,-0.0038982828511535178,4.090612401901826,6.324053656211505,-4.806989824230857,,0.12967605808973423,0.341928623989901,0.3422687195818908,8,-292.30572721170194,602.3892322011817,13.062831713017772,0.000566453211253014
-19.99133528752088,0.5607461481764398,,-0.002673332348247975,,4.926119843444026,,,0.136461615696911,0.3060774409844076,0.306381877586619,6,-294.6928407818634,602.3977297564979,13.071329268334011,0.000564051583109542
-14.209447884366705,,,-0.00252400145837612,,4.328080937326471,,,0.15891626384550567,0.28811046025912856,0.2883970261991102,5,-295.84314836405196,602.4005824423896,13.07418195422565,0.000563247625608751
-37.930559427857126,0.5865058537116697,,,,7.68486364391204,-7.85654290122694,7.865660536264444e-5,,0.3055025569511528,0.30580642175120465,6,-294.7301058499788,602.4722598927287,13.145859404564817,0.000543418987609303
-41.305319682713595,0.31971845965536294,,,0.3130895212098225,6.846055194275438,,1.0360692923402374e-4,0.1295412997185661,0.3233942124395527,0.32371587298040566,7,-293.55562068761594,602.4770950337685,13.150694545604551,0.000542106820652095
-18.001700759741805,0.562766907219934,,-0.0024565027483534493,,5.2525868630932315,-5.4701394651129505,,0.09801375283287328,0.32238400978819304,0.32270466554195115,7,-293.6227575901373,602.6113688388112,13.284968350647318,0.000506906295785266
-12.206988700858336,,,-0.0023074999026844855,,4.651100457689754,-5.448341538613583,,0.120702208928307,0.30428755957602693,0.30459021589213636,6,-294.80876288795736,602.6295739686858,13.303173480521878,0.000502313085025181
-24.53971414760724,,,-0.0017116854179426027,,6.322947259973117,-8.60390033502201,8.495926297721018e-5,,0.3041406696528347,0.30444317986647745,6,-294.81826300387957,602.6485742005302,13.322173712366293,0.000497563648308427
5.194062402221103,,1.237089458302167,-0.0029124675073319345,,,-2.1695793429982686,8.999805479972639e-5,0.1598206406112016,0.3216482989357997,0.32196822292274946,7,-293.67158912472246,602.7090319079815,13.382631419817585,0.000482747928852257
-1.3679890712122196,-0.4126745972352378,1.6883444835542747,-0.004312934192778368,4.150976356553599,,,1.0413917792713564e-4,0.20730370501905798,0.3394915111984411,0.3398291827426636,8,-292.4720731470923,602.7219240719625,13.395523583798536,0.000479646104170822
-28.65679036156142,,1.1950330923658554,,,5.560531069855165,-8.278293580455092,7.690460091470772e-5,,0.3029930457711638,0.30329441451317757,6,-294.8924166924758,602.7968815777227,13.470481089558803,0.00046200226613212
-36.545128052360376,,0.9829775833749259,,1.254012663952396,5.838972137625029,-4.1603162821390205,9.286746061778707e-5,0.10519152092728709,0.338821108989509,0.339158113725456,8,-292.5177240361755,602.8132258501288,13.486825361964861,0.000458242105884487
-31.74774025204365,,,,,7.180364718667101,-8.652942412584483,8.326070956891399e-5,,0.2837486129861355,0.2840308404621033,5,-296.1180284321671,602.9503425786198,13.623942090455898,0.000427878508083928
-33.583780464414694,0.21308225948573697,0.7012029323416501,,,5.762386478986528,-4.2486233286617106,9.003834916610226e-5,0.09701477312462187,0.3375070143378559,0.33784271202383065,8,-292.6070728843209,602.9919235464197,13.665523058255758,0.000419074543314009
3.3611229033562933,-0.030362053789355654,1.2033739581288687,-0.0029868220526086,,,,9.599821161407721e-5,0.17640336520338984,0.319307720991972,0.3196253169484921,7,-293.8265894236842,603.019032505905,13.692632017741062,0.000413432529567326
-36.026585219111126,,0.9744246119279366,-0.0026855206307169854,3.9029311841271697,6.682593433007263,-8.391860572963227,8.581146163525134e-5,,0.33693302899723276,0.3372681557749228,8,-292.64604410069256,603.069865979163,13.743465490999029,0.00040305684048878
11.769974867891355,0.16883296994219857,,-0.003919177358217435,,,,9.933765504671529e-5,0.1972612099222815,0.300357211117776,0.30065595815548096,6,-295.06226987264483,603.1365879380608,13.81018744989683,0.000389832288032691
13.259106594484187,,,-0.0037950700349829035,,,-1.294157957473112,9.849395460093623e-5,0.19406239686519575,0.29953615502444386,0.29983408540762346,6,-295.11504803616725,603.2421442651056,13.915743776941667,0.000369791174263684
-29.935881693008547,0.6549433844098967,0.165017262987418,-0.001968458369641382,,6.534015632110449,-7.655480836336921,7.919503405814623e-5,,0.3341494471263753,0.3344818052445914,8,-292.8345604911093,603.4468987599964,14.120498271832503,0.000333806406936239
2.2786076241587607,,1.3726149006465802,-0.004089267169462991,2.792369971951106,,-1.3863249147899988,9.477610019511718e-5,0.18173343616883256,0.3339524217107893,0.3342845838598158,8,-292.84787403748135,603.4735258527405,14.147125364576596,0.000329391712685232
-23.512805601898208,,0.9422934784414465,-0.0013767750013327057,,5.21345835461541,-8.318082263422642,7.961507773482383e-5,,0.31532512988753925,0.3156387646030743,7,-294.0891079822737,603.5440696230839,14.217669134920015,0.000317975957137808
-37.962886256041095,0.344434107784279,,,0.2453448724040588,6.9424455775290035,-4.17988609996701,9.342385681734708e-5,0.09994969001678461,0.33247828021452863,0.33280897612472726,8,-292.94736102244275,603.6724998226633,14.3460993344994,0.000298198888108698
-22.105173513683884,0.7515272626365287,,-0.002006221404946022,,6.377689508857248,-8.92061299103336,,,0.29616249954893903,0.2964570743623429,6,-295.3312620118266,603.6745722164243,14.348171728260354,0.000297890055384464
-29.588194683243845,0.19680446429632278,0.4401210321332443,-0.00408029320562146,4.693539176889414,5.653710148089907,,,0.1650801509951123,0.3311531559825249,0.3314825338722991,8,-293.0366037831588,603.8509853440954,14.524584855931494,0.000272739714305424
-14.214681440061867,,0.6903182382017685,-0.0022260780149951235,,3.6407793431884494,,,0.1487905869818054,0.29384689421800425,0.2941391658397167,6,-295.47906772501756,603.9701836428062,14.643783154642279,0.00025695957160113
-40.18005519482722,0.08340469679519343,0.8629770346860277,,1.0809881072841545,5.8900882638439205,,1.0208556630281864e-4,0.13102756080058142,0.33004735206090086,0.3303756300748151,8,-293.1109408113517,603.9996594004813,14.673258912317351,0.000253200302439552
-34.190254205248905,0.41975996450378644,0.7664828156619897,,,6.5024868058529135,-7.8426661875556665,7.588882264256678e-5,,0.31166102174934696,0.3119710119995201,7,-294.32928801809754,604.0244296947317,14.698029206567753,0.000250083718952314
-38.45504556642795,0.8145839771095007,,-0.0021261140654593,,7.028056078776881,,9.427188192711865e-5,,0.29279193813599935,0.29308316045710325,6,-295.5462452216027,604.1045386359765,14.77813814781257,0.000240264708348669
-12.153159095636148,,0.745457730045808,-0.0019793487070521127,,3.918495322952206,-5.610179473017959,,0.108632625819486,0.31096271961574073,0.3112720153072813,7,-294.374916216649,604.1156860918346,14.789285603670692,0.000238929263394091
-37.72981023913339,0.46822996389793636,0.41131956303331796,-0.0028064079970565995,3.001960315152605,7.287539880395031,-7.901124416791941,8.408076318655464e-5,,0.345402779398962,0.34574633052189485,9,-292.06752945357306,604.3850589071461,15.05865841898219,0.000208821773838197
11.661687982750667,,,-0.004796242835791954,2.1952618221998406,,-0.6029948848919796,1.0298199959191932e-4,0.21423855376712236,0.30730479282932865,0.30761045020372174,7,-294.61317809645396,604.5922098514445,15.265809363280596,0.000188275376412799
-26.95321843786077,0.20926363793423847,0.47662213537958237,-0.0037507048000677188,4.350302437307174,5.805397628160314,-4.864078018964287,,0.12843053836145485,0.3438789058268623,0.34422094124549824,9,-292.17216572952765,604.5943314590553,15.26793097089137,0.000188075759073176
11.04707844217498,0.005925275907903184,,-0.004837103745441266,2.238898250051538,,,1.0445451437818093e-4,0.2184616846225451,0.3071244096060808,0.3074298875642601,7,-294.6248949211825,604.6156435009016,15.289243012737643,0.000186082260096339
-22.18591907289753,,,,,6.027567477721214,-6.541588827896899,,0.09266608096714468,0.26969080133760126,0.2699590463639019,5,-296.9926844212177,604.699654556721,15.373254068557117,0.000178427669572231
-19.870069435514942,,1.1720556097012116,,,4.567951639540918,-6.551598582159889,,0.07995819371413941,0.2879214888628183,0.2882078668444531,6,-295.8550920489944,604.7222322907598,15.395831802595922,0.000176424749955165
-19.759897784707178,0.5382293059529876,0.09695051162192624,-0.0026254946191621264,,4.805578660726195,,,0.13594120272632346,0.30616161750794835,0.30646613783542465,7,-294.68738170969806,604.7406170779327,15.414216589768785,0.000174810415382181
-33.90961962228114,,1.2772447527576667,,1.1780001763236023,6.1035308745683645,-8.289145881794848,7.799715648299707e-5,,0.3059766318931477,0.3062809682266915,7,-294.69937764907996,604.7646089566965,15.438208468532594,0.000172725927925381
-36.350298950869274,0.6097774224639747,,,-0.39347739736404863,7.486285817782747,-7.812709210009984,7.796292922438759e-5,,0.30581134958703615,0.30611552152432936,7,-294.71009316473743,604.7860399880115,15.459639499847526,0.000170884961607245
-29.555609852197787,0.6443391397037047,,,,7.296878801711118,-9.104150456186883,,,0.2688559662095795,0.26912338087618765,5,-297.04409569324883,604.8024771007833,15.476076612619408,0.00016948628932102
-19.46847694311884,,1.3736397016918453,,,4.893285978863913,-9.510316667326682,,,0.2681926871496131,0.26845944209290845,5,-297.0849002761383,604.8840862665622,15.557685778398309,0.000162709670764231
-17.59123542183521,0.524072387991786,0.16666171855129674,-0.0023728930200582698,,5.047441814497494,-5.504822740543555,,0.09687536493393936,0.3226321038926815,0.322953006410546,8,-293.6062788187815,604.9903354153408,15.66393492717691,0.000154291377638972
-0.2904694161711817,-0.40516189270898045,1.7058471597042042,-0.0042115069933998375,4.023814115803398,,-1.1892762447562304,1.0082339813128232e-4,0.19764491628239222,0.3401895175432368,0.3405278833518887,9,-292.4244932983954,605.0989865967908,15.77258610862691,0.000146133017629828
5.073469909450833,-0.03807176735349506,1.2627860994773517,-0.0028751878123266976,,,-2.183521108465522,9.036829946097488e-5,0.16040773266947944,0.3217245001949647,0.32204449997466916,8,-293.6665338572712,605.1108454923202,15.784445004156282,0.000145269093363179
-34.6979511984588,,,,0.6358738284207224,7.533623017081954,-8.672712831755964,8.408649290479712e-5,,0.2846444908975363,0.2849276094487381,6,-296.06170778802255,605.1354637688162,15.809063280652254,0.000143491916208466
-36.81405198026249,0.10668290785753955,0.8686625802815754,,1.0179751442066096,5.980646375992929,-4.200090284398702,9.184324910334993e-5,0.10130270698602073,0.3392191620430528,0.33955656269814605,9,-292.49062428788767,605.2312485757753,15.904848087611413,0.000136781709955098
-27.785454043868015,0.489391472652316,,,,6.627924203283861,-6.621934878831013,,0.07136148097904456,0.28348502929840835,0.28376699460372407,6,-296.1345855854219,605.2812193636149,15.954818875450997,0.000133406506035289
-27.49609300085261,0.6683411172611005,,-0.002650516618486552,2.03310832106004,7.090870340105878,-9.145011338027706,,,0.3016664941190276,0.3019665434208489,7,-294.97797981350243,605.3218132855415,15.995412797377526,0.00013072605392672
-25.782033094917683,,,,,5.79032694340727,,,0.13620950584924474,0.2459227951035261,0.2461673995405825,4,-298.43388827247526,605.3383647802447,16.011964292080734,0.000129648662391248
13.049400512426853,0.17011077277158626,,-0.0038797256139117362,,,-1.3131135009496169,9.605112069987789e-5,0.18826113006679848,0.3012479473951597,0.3015475803940282,7,-295.00494251886164,605.3757386962599,16.049338208095946,0.000127248419745302
-23.47630217200692,,1.1697138581990483,,,4.333265104785691,,,0.12359350457965158,0.26408076149174486,0.26434342655284637,5,-297.3370414376331,605.3883685895519,16.061968101387947,0.000126447384672703
-45.61386243053629,0.7145592902929192,,-0.0029026437675317616,2.436490814536063,7.91198710384493,,9.937867358780253e-5,,0.30058981773956617,0.300888796136921,7,-295.0473064676946,605.4604665939258,16.134066105761917,0.000121970265304661
-2.9651688498794813,,2.0561715127607614,,,,,8.446283704752358e-5,0.14244370715149815,0.26328560175587723,0.26354747591998406,5,-297.3856376270702,605.4855609684261,16.15916048026213,0.000120449442523163
8.072058338480653,,1.3865973608050668,-0.0026620489002405355,,,,,0.161209249283715,0.26319741983282197,0.26345920628773684,5,-297.39102363429015,605.496332982866,16.16993249470204,0.000119802444887129
-46.45232783975787,0.7051210219421975,,,,8.004846595757153,,9.344954605022684e-5,,0.2621008924895615,0.2623615882954643,5,-297.45794393410773,605.6301735825011,16.303773094337203,0.000112047601425269
-15.090692524432363,,,-0.0016395806339406045,,5.8839150579990935,-10.045467994133162,,,0.2611739015651362,0.26143367534958456,5,-297.51444002005576,605.7431657543972,16.416765266233256,0.000105892847244389
-22.18200490527071,,,,,6.714320776975399,-10.064853937387022,,,0.24244791968490764,0.24268906787487132,4,-298.64077718472777,605.7521426047497,16.425742116585752,0.000105418620185315
-21.09901479429905,0.6617293621854119,0.36603107612973756,-0.0018340794134642754,,5.898439645682018,-8.908769700371428,,,0.2973762487004892,0.2976720307563035,7,-295.2535937144446,605.8730410874258,16.546640599261877,9.92349272232438e-05
-14.561673268501558,,1.1524812061223626,-0.0012355125016471056,,4.560720371193791,-9.58498982393679,,,0.2781587707196619,0.27843543831973344,6,-296.4678587087104,605.9477656101919,16.62136512202801,9.55956942562965e-05
-31.304863684502692,0.4789100113563566,,,,6.3749741648771066,,,0.11588455467144136,0.25913591290036886,0.25939365962152744,5,-297.6383977901368,605.9910812945593,16.66468080639538,9.35475569717041e-05
-25.41900400844111,0.4417099905894597,0.9201972882247668,,,5.89377234860854,-9.034785651848333,,,0.27779761699579764,0.27807392537824044,6,-296.4903676104839,605.9927834137388,16.666382925574908,9.34679762949968e-05
-24.838459586039644,,,-0.0027220613487267454,3.2134175729214633,7.097514520649413,-10.20334658905638,,,0.27599444884876867,0.27626896372959914,6,-296.6025819148689,606.2172120225089,16.890811534344948,8.35466011451094e-05
11.28630302668059,,1.479098259475121,-0.0024796349963349513,,,-4.793913308998653,,0.12770362326520865,0.2758251798508663,0.2760995263701265,6,-296.6131014676694,606.2382511281099,16.91185063994601,8.26723347709513e-05
-24.69130511803723,,1.194046729648516,-0.002347944566864993,3.345591635162658,5.776515024200212,-9.732754609793364,,,0.29420149399664897,0.29449411831717975,7,-295.45646498106896,606.2787836206745,16.95238313251059,8.10137403827984e-05
-35.24312947856247,0.3883184793781563,0.8215481330450523,,0.32906832954982557,6.583615257104476,-7.878327733323776,7.627010779229211e-5,,0.3118452096584039,0.31215538310908025,8,-294.3172451652403,606.4122681082584,17.08586762009452,7.5783192319386e-05
-37.99457319119858,0.7788994306393558,0.14738494424527196,-0.002056557144203192,,6.832547509095529,,9.3707745073685e-5,,0.2929868000392535,0.29327821617763294,7,-295.53384435345197,606.4335423654405,17.107141877276604,7.49813489736347e-05
6.098376849123505,,1.5335073534142165,-0.003693824138980257,2.55118374524031,,,,0.17555972022580166,0.27376582603385025,0.2740381242392041,6,-296.7408874706731,606.4938231341173,17.167422645953366,7.275510081726e-05
-23.798593591661746,0.29528330753434673,0.893728894862891,,,5.276801180377884,-6.5976998384353935,,0.07012140070477944,0.29191526825787617,0.2922056186088078,7,-295.60199361478226,606.5698408881011,17.243440399937185,7.00416553106529e-05
-36.082363119258055,,1.332567490927924,,,5.607345377976637,,9.299991968462264e-5,,0.2540542862372275,0.2543069785736197,5,-297.9460014797577,606.606288673801,17.279888185637105,6.87767841338341e-05
18.523463314556437,,,-0.0036054066859407185,,,,,0.19214806175765786,0.234609782553729,0.23484313462572917,4,-299.1039848660547,606.6785579674035,17.352157479239622,6.63359247102621e-05
-24.262013669951376,,1.2440512816658014,,1.009740841934552,5.024220632584217,-6.566388674601907,,0.08021533293283992,0.2901185824720127,0.2904071457689421,7,-295.71603146212357,606.7979165827837,17.4715160946198,6.24928589607824e-05
0.4566447449068214,,2.0982387414813664,,,,-3.8096073981140437,7.517248570675435e-5,0.11630638109954755,0.27085526992182196,0.271124673174152,6,-296.9208752378269,606.8537986684249,17.527398180261002,6.07709118375511e-05
-44.653975863947316,,,-0.0030016402278753365,3.7377561989287176,7.999211336509719,,1.0883557494720218e-4,,0.2708383295742779,0.2711077159770753,6,-296.9219207185836,606.8558896299382,17.52948914177432,6.07074102193044e-05
-23.731943289769724,,1.4441793357716628,,0.9804911362075194,5.337353924930382,-9.533917704049546,,,0.2702645279853837,0.270533343662663,6,-296.95731879029205,606.9266857733552,17.600285285191262,5.85960740322157e-05
-24.34155652204513,,,,0.480048384423619,6.287111434405032,-6.548327976712282,,0.09315944281211033,0.2702029400404784,0.27047169445997726,6,-296.9611165234178,606.9342812396067,17.607880751442735,5.83739638054621e-05
-26.50077820930095,0.6904972583851321,,,-0.7979328670890697,6.901121577551191,-8.992947716644347,,,0.27013755968622766,0.2704062490758673,6,-296.96514775939124,606.9423437115536,17.61594322338965,5.81391182595994e-05
-32.5616749939566,,,-0.0017371085842468944,,6.5538730520676935,,1.0256324579451162e-4,,0.2510041350148272,0.25125379355143534,5,-298.12963005417305,606.9735458226318,17.647145334467837,5.72391253208017e-05
-3.4347016564720576,-0.333379392465359,2.1853467795695942,,,,,8.92160822471461e-5,0.15203833930290614,0.2697686724688999,0.2700369949488755,6,-296.9878859225127,606.9878200377965,17.66141954963257,5.6832057895413e-05
11.670346113860463,0.012049440773497797,,-0.004787503088109348,2.162950013209765,,-0.6145107117920577,1.0274290753855798e-4,0.21353066260994802,0.30731169836544714,0.3076173626083567,8,-294.61272948547605,607.0032367487299,17.676836260566006,5.63956603059698e-05
-42.65030898103064,0.5360911331104802,0.7760067014989133,,,6.807206009575754,,9.062091954904766e-5,,0.2684134901509859,0.26868046471358836,6,-297.0713206983335,607.1546895894381,17.82828910127421,5.22827134810382e-05
-39.9237872676257,,,,,7.425435092902323,,1.0094115968231016e-4,,0.23000004700141152,0.23022881405001328,4,-299.3741946500284,607.218977535351,17.892577047187046,5.0628862423595e-05
-43.39543095649555,,1.1180361480747139,-0.002632135256426217,3.8230915213431045,6.7066929284337915,,1.0194400749329117e-4,,0.28665596564508655,0.2869410848877983,7,-295.9349961587489,607.2358459760344,17.90944548787047,5.02036431594472e-05
-27.26299931270541,0.28279634719802704,0.9031412609243021,,,5.010557198159808,,,0.11446675222635624,0.267744987192874,0.26801129683627006,6,-297.11242164367593,607.236891480123,17.910490991959023,5.01774059607277e-05
-26.815361734373944,0.5148179747109588,0.5700435767017036,-0.00248834587084067,2.3673350429423463,6.46174512975254,-9.163456315653123,,,0.30446155582418655,0.3047643852037743,8,-294.7975070730721,607.372791923922,18.046391435758096,4.68811006498021e-05
-1.1367241766810763,,1.8684173894553822,,-1.0814123289023874,,,8.504622473039224e-5,0.14108699445158074,0.26637584913529844,0.26664079698039644,6,-297.1964820929048,607.4050123785806,18.07861189041671,4.61318866688054e-05
-27.768365719017574,,1.239936886491598,,0.9849517988812735,4.777815943550313,,,0.12394041851993981,0.266171418005238,0.26643616251513297,6,-297.20902001076234,607.4300882142958,18.103687726131852,4.55570997086432e-05
-31.07196200714538,,1.0853196611840454,-0.001350390993650828,,5.267144531797241,,9.573433175463375e-5,,0.26591933187108796,0.2661838256462476,6,-297.2244758383584,607.4609998694879,18.134599381323937,4.48583905033467e-05
-27.838033892969687,,,,0.4570743238835409,6.037216988156397,,,0.1367219681162435,0.2463871099964492,0.24663217625927067,5,-298.4061714745567,607.526628663399,18.20022817523511,4.34102788653436e-05
-26.262985433863854,0.5164642075547579,,,-0.4080274222527146,6.44053049129753,-6.620651472371823,,0.06976358449660842,0.2838128113993209,0.2840951027295431,7,-296.1139948510496,607.5938433606358,18.26744287247186,4.19756171082869e-05
9.228384451009989,,1.596899008523778,-0.0033957056419570285,2.216989987103361,,-4.2826701752924805,,0.1437474274162384,0.28366249411593325,0.28394463593470215,7,-296.1234387060886,607.6127310707138,18.28633058254991,4.15810714136539e-05
-45.075298027798354,0.6182161928748889,0.3634657334221089,-0.002795867848895271,2.639680646208682,7.503558737394892,,9.84133348803117e-5,,0.3017206662577475,0.30202076944129824,8,-294.974488872886,607.7267555235499,18.400355035385928,3.92767532383046e-05
8.329423993779399,0.08739488969911194,1.3264202384603454,-0.0027495522621997105,,,,,0.1597679672513442,0.2636048177329945,0.2638670094018058,6,-297.36613504642696,607.744318285625,18.417917797461087,3.89333590464892e-05
-43.560680240736986,0.745285232043868,,,-0.6989765532486575,7.648919912785483,,9.207068045616921e-5,,0.2630795900988786,0.2633412593557284,6,-297.3982194751293,607.8084871430297,18.482086654865725,3.77040310621778e-05
21.81107883938475,,,-0.0035049813226998338,,,-4.029319536785829,,0.16572110108651195,0.24362057506374557,0.243862889622645,5,-298.5710653088364,607.8564163319585,18.53001584379456,3.68112100238068e-05
-23.724800761773395,,,,0.3435753162429747,6.902695793012282,-10.08310260565527,,,0.24271065341708054,0.24295206293229724,5,-298.62516760625124,607.9646209267881,18.638220438624217,3.48725547010683e-05
17.822358015463266,0.3122729110270127,,-0.0037717801737252457,,,,,0.1822004815539801,0.24049856695152483,0.24073777623896517,5,-298.75642362766314,608.227132969612,18.900732481448017,3.05829939185211e-05
-29.75978821658336,0.5063745012017795,,,-0.41390070957191893,6.184932773503597,,,0.11425490422729963,0.2594732002749677,0.25973128247535,6,-297.61790632869446,608.24786085016,18.921460361996083,3.02676704155605e-05
17.92361613739901,,,-0.0043889900379743925,1.7663892564749104,,,,0.20435364430583614,0.23983001533859527,0.2400685596584353,5,-298.7960174821926,608.3063206786709,18.97992019050696,2.9395754102809e-05
-25.495597630643193,0.43933116876603245,0.9244367599208669,,0.024984515798660418,5.899699822526902,-9.03794800920836,,,0.27779868369440175,0.27807499313782474,7,-296.4903011450806,608.3464559486978,19.020055460533854,2.88117304247492e-05
-0.05856700153366402,-0.3271713156911844,2.224339490241485,,,,-3.749017291827535,7.998497649739472e-5,0.1261380478113609,0.27709722291870587,0.27737283466178725,7,-296.5339875999594,608.4338288584554,19.107428370291473,2.75801457161735e-05
-29.90477222244858,0.9076020122493835,,-0.0020933287794208124,,6.626625178936666,,,,0.23853727886213827,0.23877453737568305,5,-298.87247897676326,608.4592436678122,19.132843179648262,2.72318910363233e-05
1.8333725365342963,,2.146561294339605,,,,,,0.13284548896557907,0.21898335266400504,0.21920116207724205,4,-300.01346515477485,608.4975185448438,19.171118056679916,2.67156974615443e-05
6.275825942194312,,2.1958748103050088,,,,-5.847950540087955,,0.09434391708790127,0.23808344021373307,0.2383202473215956,5,-298.89929139313017,608.512868500546,19.18646801238208,2.65114399139806e-05
-41.231621714087,,1.4131855180146387,,1.1526373603177438,6.138714228393199,,9.40895977140418e-5,,0.2569108603356077,0.2571663939324002,6,-297.77334468555756,608.5587375638862,19.232337075722285,2.59103318693713e-05
11.42568330026631,0.055547791138489455,1.440153514069914,-0.0025366251323845836,,,-4.757819773872268,,0.12703981600382136,0.27598904525663115,0.2762635547628374,7,-296.6029177696678,608.5716891978722,19.245288709708234,2.57430834216081e-05
5.09404253291418,-0.1922426067964867,1.6984967260395316,-0.0037304229545488047,3.1176106414228486,,,,0.1819162745724741,0.2752161242899158,0.2754898650186776,7,-296.65093208621676,608.6677178309701,19.341317342806178,2.45362513157314e-05
2.3839125266200942,,1.905306749580249,,-1.1142960551082075,,-3.8577294421272317,7.565625963510741e-5,0.11457825289035786,0.27413510417084685,0.2744077696746887,7,-296.7179998910737,608.801853440684,19.475452952520072,2.29446286792547e-05
-25.19815367750332,0.24696413572618367,0.9727539004591318,,0.4695654850484713,5.3729887608887434,-6.5970339034078505,,0.07185063948107076,0.2922834664158105,0.2925741829910407,8,-295.57858790398603,608.9349535857499,19.60855309758597,2.14673632211075e-05
9.068501691385505,,2.0603320261679396,-0.0018402321920586281,,,-8.426193399458981,6.289082016749627e-5,,0.2529676483576009,0.2532192598814287,6,-298.01150641161274,609.0350610159966,19.70866052783265,2.04192907081844e-05
-2.966301846694937,-0.30212712742957676,2.129659457224542,,-0.250996979667969,,,8.890589969774342e-5,0.15082400712841,0.26987817429681316,0.27014660569159255,7,-296.9811374421819,609.3281285429003,20.001728054736418,1.76360713559839e-05
-42.484904918251296,,,,0.5485372405837399,7.730656777571713,,1.0168837077919101e-4,,0.23066693847170994,0.23089636883666917,5,-299.335203583433,609.3846928811516,20.05829239298771,1.71442723557223e-05
5.000931398599423,,2.507660563074698,,,,-8.381632218244437,5.766259930396528e-5,,0.2304304972097586,0.23065969240098474,5,-299.3490314333804,609.4123485810464,20.085948092882518,1.690883547453e-05
8.98150709959964,,2.5239675999597058,,,,-9.324403599609358,,,0.21026047068148435,0.2104696039749011,4,-300.5132673904325,609.4971230161591,20.170722527995167,1.62070944744994e-05
21.062577052091616,0.30186085962182135,,-0.003667969334707317,,,-3.9425793964788465,,0.15667410060323983,0.24911903341640584,0.24936681695718418,6,-298.2427454978019,609.4975391883748,20.171138700210918,1.62037223541481e-05
-42.576815589866975,0.5381728462109179,0.7722955718801856,,-0.022160147428640718,6.801649341667589,,9.059073185904794e-5,,0.2684143294902799,0.268681304887722,7,-297.0712690704134,609.5083917993634,20.181991311199454,1.6116034133211e-05
-28.671479690009154,0.2341583226738043,0.9826888621694954,,0.47267642360689643,5.107409086382602,,,0.11620294183065202,0.2681180804924779,0.26838476122907207,7,-297.08948772475753,609.5448291080517,20.21842861988773,1.58250801209575e-05
13.020919252939429,,2.1172886727797504,-0.0016785548243866192,,,-9.443020031554726,,,0.22914944736058185,0.22937736836948966,5,-299.42387758498603,609.5620408842577,20.2356403960938,1.56894755878538e-05
-37.853237407756495,0.7990135141617688,,,,7.591930846180951,,,,0.20878146221542437,0.20898912442913464,4,-300.59746367846026,609.6655155922147,20.339115104050734,1.48983845687885e-05
21.011397972157457,,,-0.004159139130660664,1.4535566025999027,,-3.6542004804384978,,0.17822532017614431,0.24707740840684833,0.24732316126748605,6,-298.3649332415096,609.7419146757903,20.4155141876264,1.43400059068238e-05
8.229127886103667,-0.19046543999017562,1.7602779560001147,-0.003432366793191993,2.7786297632571264,,-4.276914290213243,,0.15008797480260183,0.28508608417316106,0.28536964195031805,8,-296.0339204387467,609.8456186552712,20.519218167107283,1.3615396627305e-05
17.60367617141947,0.22955353180632534,,-0.004255979511288601,1.190851992926339,,,,0.1930642154606791,0.242458000445267,0.24269915866194947,6,-298.6401783648628,610.2924049224966,20.966004434332717,1.0889599111476e-05
-33.993347578209665,0.8496005940494238,,-0.0025664184927503626,1.4878002517932116,7.153103376598019,,,,0.24150425408775023,0.24174446367097732,6,-298.6967977885923,610.4056437699556,21.07924328179172,1.02901661864387e-05
3.5094795600553272,,1.9780763729372277,,-0.9736646604174934,,,,0.1315642639554954,0.22149019116854174,0.22171049398146922,5,-299.8687958169543,610.4518773481942,21.12547686003029,1.00550189804113e-05
1.7132005710587483,-0.20082713335053173,2.2274405111943696,,,,,,0.13829989178106367,0.22138686693157128,0.2216070669741687,5,-299.87476784465406,610.4638214035938,21.137420915429857,9.99514907883259e-06
8.113445187411559,,2.016011322311653,,-1.0422120008074023,,-5.905228760737305,,0.09259538532881151,0.24095384095996164,0.2411935030807495,6,-298.7294408302846,610.4709298533403,21.144529365176368,9.95968712856868e-06
-25.99318419654579,,1.5810466448486902,,,4.783208351538911,,,,0.20152679926970507,0.201727245711713,4,-301.00818745713366,610.4869631495615,21.160562661397535,9.88016300591651e-06
6.183103852782933,-0.2126279614371212,2.2818896741934043,,,,-5.893380497279464,,0.09981972627238593,0.24077656721244656,0.24101605300982692,6,-298.7399492653048,610.4919467233807,21.165546235216766,9.85557439258846e-06
-28.824275994774716,0.8119317024248931,0.3890702022662418,-0.0019102287137856375,,6.116858552262352,,,,0.23990874568225895,0.24014736831038017,6,-298.7913566181553,610.5947614290817,21.268360940917773,9.36172782777518e-06
-33.44015012334086,0.5848568166769548,0.9669236815036157,,,6.115214353626847,,,,0.21865810951119413,0.21887559542486182,5,-300.032200856899,610.7786874280837,21.45228693991976,8.53919610902531e-06
0.5691605911058399,-0.28655051568863316,2.1522470825936706,,-0.3259514396113891,,-3.770616567854298,7.952898175852806e-5,0.12441186355310462,0.2772816470426739,0.27755744222120704,8,-296.52250591163715,610.8227896010521,21.49638911288821,8.35295847465987e-06
7.19528948289181,,2.2728377794292323,,-1.3147835133420687,,-8.358256778864238,5.854039479487013e-5,,0.23500916730695098,0.23524291662265803,6,-299.0804974943294,611.1730431814299,21.84664269326595,7.01106064568701e-06
11.08309773599224,,2.3053469049171667,,-1.2253626618899747,,-9.315993648317361,,,0.21424157232588625,0.21445466537881286,5,-300.28584728556575,611.2859802854172,21.95957979725324,6.62612681220328e-06
8.562128287801364,,2.1130880198845134,-0.0020589424187203464,0.5930546090448902,,-8.442033336961702,6.311624631277403e-5,,0.25358088796235545,0.2538331094382954,7,-297.97455069602904,611.3149550505947,21.98855456243075,6.53082359198121e-06
9.311335104460413,0.08692272191240269,1.994758815266745,-0.0019343392862852665,,,-8.341888706348751,6.227285097032631e-5,,0.2533696917256234,0.2536217031375204,7,-297.98728146111563,611.3404165807679,22.014016092603924,6.44820820535263e-06
13.09273678026154,,,,-2.947539359506035,,,9.094749235012723e-5,0.1680767549948147,0.2133084807939606,0.21352064575752974,5,-300.33925327657795,611.3927922674416,22.066391779277637,6.28153546416665e-06
-32.9244404159478,0.8681451686665187,,,-1.2460776165913645,6.968275650975912,,,,0.21192873523713152,0.21213952785176868,5,-300.4181077765407,611.550501267367,22.224100779203127,5.80523415604748e-06
4.944239416883031,-0.14151001033512883,2.5771718545481046,,,,-8.522589966706757,5.9103920643549284e-5,,0.23165227284356527,0.23188268326065525,6,-299.27753224731606,611.5671126874032,22.240712199239283,5.75721724785418e-06
9.00639229515802,-0.08226738959294827,2.5646152209203446,,,,-9.420049708155986,,,0.21067765613278044,0.21088720437517508,5,-300.48948954351727,611.6932648013202,22.36686431315627,5.40529043589858e-06
-21.394536493759915,,1.3731327622775045,-0.0011701372412428006,,4.4674213714083875,,,,0.21046979256811327,0.21067913406127103,5,-300.5013384783103,611.7169626709062,22.390562182742315,5.34162145171803e-06
20.74657205607813,0.2445405707458457,,-0.0040117871256997025,0.8327437747390183,,-3.7441444453575934,,0.16555571084890328,0.2500553550996858,0.2503040699426565,7,-298.1865970940278,611.7390478465921,22.412647358428217,5.28296060746107e-06
13.341831755074017,0.13674038474764583,2.0132533416025837,-0.0018290962810114132,,,-9.294680400714087,,,0.23015008525269642,0.23037900153521518,6,-299.3654253258617,611.7428988444944,22.41649835633052,5.27279805948001e-06
12.597448275863147,,2.1628530720731796,-0.0018662241354518588,0.5102360420849292,,-9.459783704552484,,,0.22960359781732587,0.2298319705420527,6,-299.3973577971207,611.8067637870125,22.4803632988486,5.10708448992217e-06
-29.58595473425358,,,,,6.890366661509983,,,,0.16711770949575844,0.16728393131035743,3,-302.90677882059015,612.0926274086222,22.76622692045828,4.42688811747911e-06
-22.425432638317346,,,-0.0016522598685254418,,6.053197529354528,,,,0.18613471924691993,0.18631985612371446,4,-301.86739245824606,612.2053731517863,22.878972663622335,4.18423549186722e-06
11.778543609484702,,,,,,,9.09792162606752e-5,0.18149358670025928,0.18553451639711316,0.18571905628866223,4,-301.90056646693733,612.2717211691688,22.945320681004887,4.0477047836866e-06
-30.954177947394157,,1.4151328700881651,-0.0022082270445881826,3.124841524988216,5.601651576838039,,,,0.22447932057739328,0.22470259649542082,6,-299.69568339695985,612.4034149866908,23.077014498526864,3.78976151242744e-06
-33.354760950794876,0.7031050004910574,0.5452481504806228,-0.0024111395114685403,1.8064369577372337,6.551463551980014,,,,0.24406167207804208,0.2443044253692958,7,-298.54481505002843,612.4554837585935,23.129083270429533,3.69237065494619e-06
-29.930324861072002,,1.646414232167744,,0.9020186482050251,5.191484518430957,,,,0.20328062375565314,0.20348281462013684,5,-300.90923748105354,612.5327606763927,23.206360188228814,3.55242421103973e-06
1.7499888560288348,,2.2169008587973917,-0.0018183368693908905,,,,7.904728218245688e-5,,0.20226245166618273,0.2024636298168565,5,-300.96670877368945,612.6477032616646,23.321302773500634,3.35401774520787e-06
2.849673080645136,-0.12315020988267208,2.0865899487069375,,-0.6331853971937398,,,,0.13535701511713058,0.22208744974919703,0.22230834661888463,6,-299.8342593849994,612.68056696277,23.354166474606018,3.29935535887327e-06
7.432089088960273,-0.12832550461404413,2.1291360057671582,,-0.6875163397185532,,-5.91315323011003,,0.0964952300576534,0.2416023179544643,0.2418426250758513,7,-298.6909794839877,612.747812626512,23.421412138348046,3.19026591329706e-06
-2.231192646445275,,2.658116635878822,,,,,7.379651155746e-5,,0.180257025333308,0.180436316025692,4,-302.1912122805165,612.8530127963271,23.52661230816318,3.02679464552643e-06
16.37223926826989,,,,-3.0076914089057882,,-3.3279425322030027,8.294757484276884e-5,0.145668188315362,0.2190982923026793,0.21931621603937948,6,-300.00684216614934,613.0257325250698,23.699332036905844,2.77637000938028e-06
-31.988576240225328,0.6274292991631646,0.8891207227025651,,-0.45675477634070843,6.005434170955484,,,,0.21901703637839487,0.21923487929477253,6,-300.01152435128535,613.0350968953418,23.708696407177854,2.76340091653048e-06
-31.49228396435651,,,-0.0026475408076541435,2.954015312970171,7.171275247350222,,,,0.19867473843284666,0.1988723481035209,5,-301.1686362594693,613.0515582332242,23.7251577450603,2.74074962395358e-06
12.954679119295617,0.2607176971112923,,,-3.438978311562036,,,8.690479786643866e-5,0.1564178089745419,0.21668909529420044,0.21690462274926367,6,-300.14546008835356,613.3029683694782,23.97656788131428,2.41699830451981e-06
7.281575224083009,0.01763796534232965,2.2556963629926994,,-1.3622491530033345,,-8.3398437599406,5.839243661968443e-5,,0.23502218062890146,0.23525594288816784,7,-299.07973198911856,613.5253176367737,24.19891714860978,2.16268772778414e-06
11.464072207586772,0.08788464469959804,2.219527008196163,,-1.462995708056068,,-9.212185848275613,,,0.21456795131585282,0.21478136899809683,6,-300.2671518377754,613.5463518683218,24.21995138015791,2.1400616795072e-06
8.797731823394653,0.04728127024813197,2.066635100117082,-0.0020654218137954807,0.4718195617356401,,-8.392938057655295,6.2734021729902e-5,,0.2536742164994803,0.25392653080363603,8,-297.9689237678263,613.7156253134305,24.389224825266524,1.96638715637075e-06
14.706952064761698,,,,,,-2.9961650012057284,8.377742930752458e-5,0.16156553844790744,0.19023682379440632,0.19042604078493394,5,-301.6400065724948,613.9942988592753,24.66789837111139,1.71062902772003e-06
13.132116067395136,0.11971510108515301,2.0444722702453633,-0.0018855848347225904,0.20454154587373058,,-9.319870043821227,,,0.23020755590632314,0.2304365293514033,7,-299.36206587111616,614.0899854007689,24.763584912604983,1.63071388401731e-06
-30.332472022970347,,,,0.16481275821645303,6.9808830959640185,,,,0.16717822445267183,0.16734450645781543,4,-302.9035091244685,614.2776064842311,24.951205996067188,1.48469199929927e-06
1.9537683637398415,,2.7020268341278215,,,,,,,0.14614735765848197,0.14629272154039574,3,-304.02576253140927,614.3305948302605,25.004194342096525,1.44587282427106e-06
11.886064138173714,-0.07848478932680798,,,,,,9.219461092023604e-5,0.1843299184948668,0.18591083797116703,0.18609575216688232,5,-301.8797695336821,614.4738247816499,25.147424293485983,1.34594745713131e-06
0.05081846345160668,,2.4157056913572172,,-1.354848991370061,,,7.465468932195324e-5,,0.18511941379324248,0.18530354080749525,5,-301.92349544184873,614.5612765979831,25.234876109819197,1.28836282699135e-06
5.731151833501537,,2.3152872044187753,-0.0016051965468303216,,,,,,0.16343088107274273,0.1635934358234953,4,-303.1055357868757,614.6816598090455,25.3552593208816,1.21310195753429e-06
2.455939799313916,0.1941530606602618,2.066935731782473,-0.0020290264564429973,,,,7.730591017793642e-5,,0.20429360755449055,0.2044968059723072,6,-300.8519861127416,614.7160204182543,25.389619930090362,1.19243850683075e-06
18.978393399441494,,,,-2.9494473182254333,,,,0.1595525046804343,0.16176766981191348,0.16192857026765045,4,-303.1949129860427,614.8604142073796,25.534013719215636,1.10938241908941e-06
1.3108318359742615,,2.261692299139138,-0.002002963515829136,0.5007278130396775,,,7.926325734864453e-5,,0.20269974326367401,0.2029013563616856,6,-300.9420345969175,614.8961173866061,25.569716898442152,1.0897539008102e-06
16.373974942379135,0.28060609173523116,,,-3.53937615503182,,-3.4804877348572276,7.822979271447878e-5,0.13209270297719206,0.22300218267454042,0.22322398937339683,7,-299.7813135853606,614.9284808292578,25.602080341093824,1.07226171539804e-06
26.346530275925996,,,-0.0031083832908117485,,,-9.329541334459467,6.811229880868029e-5,,0.1814343904833382,0.1816148522291807,5,-302.1265340613047,614.9673538368951,25.64095334873116,1.0516219288836e-06
-2.2857261572187166,-0.04327684772953643,2.68014852244183,,,,,7.432027811888417e-5,,0.18037262150512434,0.18055202717398508,5,-302.1848661516746,615.0840180176349,25.757617529470963,9.92033478440811e-07
23.585440358742353,,,,-3.0495093259781436,,-5.551470074293663,,0.123422691492514,0.17898860237969128,0.17916663144896144,5,-302.26078886705227,615.2358634483902,25.90946296022628,9.19503766023733e-07
24.61305212187786,0.4907040656933136,,-0.0034117965173195513,,,-8.691312276955175,6.368553973458366e-5,,0.1965564229935577,0.19675192570478833,6,-301.2874374822275,615.5869231572261,26.260522669062198,7.71475014254424e-07
17.66540358579751,,,,,,,,0.1729750488900079,0.1339577310133243,0.13409097061549324,3,-304.6636414858292,615.6063527391003,26.27995225093639,7.64016582986698e-07
31.155429168049785,,,-0.002970935166958955,,,-10.460430904193666,,,0.15343275246039856,0.15358536268112166,4,-303.6401580414915,615.7509043182771,26.424503830113167,7.10744992280278e-07
28.88096933964924,0.5454919992666409,,-0.0033181554164112338,,,-9.669237379231266,,,0.1722662627858651,0.17243760555307303,5,-302.6277430452617,615.969771804809,26.64337131664513,6.37070268787524e-07
4.092287168960963,,2.48007065266723,,-1.243144763579877,,,,,0.15024489650733264,0.15039433596175694,4,-303.8092929782304,616.089174191755,26.76277370359105,6.00149486339185e-07
18.32745989954082,0.4246142138117189,,,-3.749684336538526,,,,0.14118143297716715,0.1710047196392992,0.17117480762631865,5,-302.6962750163511,616.1068357469878,26.7804352588239,5.9487303157729e-07
21.969943154545774,,,,,,-5.237590681143462,,0.13931763306952197,0.14931486693314455,0.14946338134375442,4,-303.8585170957404,616.187622426775,26.86122193861104,5.71322958062194e-07
14.779909333445282,-0.06995580751453,,,,,-2.9727566859489483,8.49170122400404e-5,0.16424933766918381,0.19053551231766475,0.1907250263954878,6,-301.6234048505766,616.2588578939243,26.932457405760374,5.51331861321286e-07
6.601703649153905,0.27338595801981397,2.101070147957942,-0.0019084790387402634,,,,,,0.16749548242140688,0.1676620799837432,5,-302.88636340494827,616.4870125241822,27.16061203601828,4.91892207415715e-07
22.959004003696776,0.4302818845037941,,,-3.861148528600262,,-5.591458667145769,,0.10454615432236515,0.18847299318863875,0.1886604558042122,6,-301.73791922182204,616.4878866364152,27.161486148251242,4.91677269891115e-07
1.9805425889965003,0.04666363318215124,2.6779347235502757,,,,,,,0.14628375226322365,0.14642925180854957,4,-304.01857364753806,616.5077355303703,27.181335042206342,4.86821778781307e-07
0.9969055825710929,0.16355874449884947,2.253832933788364,,-1.7941844851706055,,,7.295346787170961e-5,,0.18625925608175553,0.18644451682776017,6,-301.86050607727475,616.7330603473206,27.40665985915666,4.34952004405253e-07
5.406997310479597,,2.3493922283627158,-0.0017444952551150651,0.37898885269548926,,,,,0.16368155454269318,0.16384435862308994,5,-303.0920497565263,616.8983852273383,27.571984739174354,4.00443727209018e-07
26.464579357507215,,,-0.002644780413506849,-1.094592194926376,,-9.257613714329395,6.7449466827823235e-05,,0.18368319353070828,0.18386589202407644,6,-302.0027377564885,617.0175237057481,27.691123217584163,3.77286185080185e-07
24.439123057296506,0.6062924402653613,,-0.0025627211325884138,-2.173460916854788,,-8.398151456459875,6.132664669465364e-5,,0.20458381393083247,0.20478730099926928,7,-300.8355709260595,617.0369955106556,27.710595022491702,3.73630786759712e-07
2.4483292938346417,0.19361900562516635,2.0679264088062026,-0.0020308300811368936,0.006463410469917068,,,7.731348796815038e-5,,0.2042936650464927,0.20449686352149318,7,-300.8519828613662,617.069819381269,27.74341889310506,3.67548827335985e-07
28.513272925947014,0.6712565101191917,,-0.002381661604299176,-2.4070671453040493,,-9.304452037866001,,,0.18215284850740565,0.18233402485971825,6,-302.0870200536769,617.1860883001249,27.859687811960953,3.46790799168571e-07
28.05963861380551,0.6911491386408348,,,-4.8508099708043275,,-9.163596862400318,,,0.1566264953141192,0.15678228215648288,5,-303.4700708957406,617.6544275057669,28.32802701760295,2.74390455224e-07
31.235220398705877,,,-0.0024532656974614758,-1.2257830140257064,,-10.367558281731142,,,0.15625623914309394,0.15641165771417864,5,-303.48982237159106,617.6939304574678,28.36752996930386,2.69024010834756e-07
17.514409278944328,0.06365785323002646,,,,,,,0.1707668431283466,0.13421135296642595,0.13434484483091583,4,-304.6504612291822,617.7715106936586,28.445110205494643,2.5878834248847e-07
24.33097662981032,0.6335654911022112,,,-4.807405973211738,,-8.33139479195659,5.565504561437164e-5,,0.1752218980781145,0.1753961806358632,6,-302.4667714542241,617.9455911012193,28.619190613055366,2.37215809012051e-07
5.5190254544265205,0.2732530181238687,2.2071839234982704,,-1.9813829788755584,,,,,0.15347690892953958,0.1536295630700151,5,-303.6378108057103,617.9899073257062,28.663506837542286,2.3201736108002e-07
26.446973877295317,,,,-3.7666408335505452,,-9.228577078875324,6.187246998998877e-5,,0.15236570474594235,0.152517253639246,5,-303.69684215171895,618.1079700177236,28.781569529559647,2.18717480824595e-07
30.850694920812213,,,,-3.7091492487913347,,-10.254820136438052,,,0.1291477726443191,0.12927622807363973,4,-304.9128779021727,618.2963440396395,28.96994355147558,1.99057523176209e-07
21.82528214645334,0.05892140499537311,,,,,-5.231626856343018,,0.13731205264782015,0.14953213167546986,0.14968086218609586,5,-303.8470226405682,618.408330995422,29.081930507258107,1.88217906030161e-07
7.043771266685956,0.30568066246287195,2.0400737786364305,-0.0017985280652304705,-0.39661514232476114,,,,,0.16771329617290565,0.1678801103813241,6,-302.8745882120624,618.7612246168959,29.434824128731975,1.57772410624707e-07
18.03739108018443,0.6178408636096852,,-0.003566382764105564,,,,7.942541389303847e-5,,0.1432019835532079,0.14334441785075908,5,-304.1807234113904,619.0757325370664,29.749332048902488,1.34814477886243e-07
19.64255903818094,,,-0.0031915188023273994,,,,8.659071983473777e-5,,0.11876393489060577,0.11888206214848884,4,-305.4462735899,619.3631354150941,30.036734926930194,1.16769062145241e-07
18.095553419748466,0.7530706399347404,,-0.0025284188231406205,-2.640760206460508,,,7.591429492262994e-5,,0.15514187730099005,0.15529618748417218,6,-303.5492162295072,620.1104806517855,30.784080163621525,8.03607230923074e-08
30.000097908334727,,,,,,-10.619959514340906,,,0.08399016346406496,0.08407370336789435,3,-307.18784387239333,620.6547575122286,31.328357024064644,6.12146847632071e-08
25.718347774660195,,,,,,-9.630605441390852,5.997920307732409e-5,,0.10581911601479621,0.10592436784918476,4,-306.1024880891309,620.6755644135559,31.349163925391963,6.05811420397265e-08
18.038598394802225,0.778830259897811,,,-5.236060918670691,,,7.020359655032115e-5,,0.12655768470016082,0.12668356392664007,5,-305.04651822529513,620.8073221648759,31.480921676712,5.67187464621058e-08
22.56324384642216,0.7064750595631686,,-0.003468570757770013,,,,,,0.10434080621046682,0.10444458766006517,4,-306.17682317319577,620.8242345816857,31.49783409352176,5.62411431242519e-08
19.84842088403969,,,-0.0026284622415961856,-1.3275724623613183,,,8.561402125338571e-5,,0.12207739690388697,0.12219881986077234,5,-305.2767539557438,621.2677936257733,31.94139313760934,4.50543280271429e-08
22.40194203507696,0.8557304553778781,,-0.0022936830436884248,-3.001622108940421,,,,,0.11986496650460399,0.11998418889162306,5,-305.39001465715995,621.4943150286056,32.16791454044164,4.02298134819469e-08
22.053969035463204,0.8722079719975705,,,-5.347736907672911,,,,,0.09617642056953757,0.09627208140163575,4,-306.5851625919479,621.6409134191899,32.314512931026,3.73864804721072e-08
24.89574294695547,,,-0.003024087168121432,,,,,,0.07196920027863896,0.0720407836620018,3,-307.77454570028266,621.8281611680072,32.5017606798433,3.40450715293877e-08
19.851547726457245,,,,-3.9824598259496895,,,8.001470401035575e-5,,0.09114457219121308,0.09123522814997523,4,-306.83499585832686,622.1405799519479,32.814179463783944,2.91214753922352e-08
28.69467702174912,0.2955388032416013,,,,,-10.20140485494806,,,0.08979678158091997,0.08988609697439064,4,-306.90167934727043,622.273946929835,32.94754644167108,2.72428853526467e-08
24.841355193796254,0.23977313448129844,,,,,-9.333106563422431,5.7428237014831555e-5,,0.10960167072764604,0.10971068483899546,5,-305.91172578985316,622.537737293992,33.21133680582807,2.38765598189858e-08
25.065400890216303,,,-0.002374694279324339,-1.5362887551452087,,,,,0.07641439569287944,0.07649040044157951,4,-307.55848131729346,623.587550869881,34.26115038171713,1.41256236605991e-08
24.758026313074165,,,,-3.9376875260660777,,,,,0.05100569441600822,0.05105642667596015,3,-308.7797501456266,623.8385700586952,34.51216957053123,1.2459468234175e-08
18.774703331115195,,,,,,,7.884566175693203e-5,,0.03898096319367661,0.03901973518532501,3,-309.34636404528254,624.971797858007,35.64539736984307,7.07004563734451e-09
17.76756704691782,0.36450637474969005,,,,,,7.408166275938279e-5,,0.04787003358673425,0.047917646995700364,4,-308.9281937453965,626.3269757260872,37.00057523792327,3.59045164472562e-09
23.622222222222216,,,,,,,,,0,0,2,-311.1356117829126,626.4091546003079,37.082754112144016,3.44591187209386e-09
22.003638780250526,0.4538225794493658,,,,,,,,0.013999617027518174,0.01401354159453759,3,-310.50117766429173,627.2814250960254,37.955024607861446,2.2278863612703e-09
