SampleID,ABL,AME,BAD,BGB,BKB,BLC,BLD,BLG,BLR,BLS,BLT,BNS,BOW,BRS,BUM,CAP,CCF,CCS,CEM,CHS,COS,EMS,FAD,FCF,FRD,GHS,GOF,GOR,GOS,GRC,GRP,GSF,GZS,HFC,HOC,JOD,LCS,LED,LMB,LOG,LOP,LOS,LSS,MMS,NHS,NOP,NSF,ORS,PLS,PRP,PUD,PUM,RAD,RCS,RDS,RES,ROB,RSF,RVC,RVR,RVS,RYS,SAB,SAR,SAS,SDS,SES,SFS,SHD,SHR,SJM,SKH,SMB,SPS,STC,STS,SUM,SVR,THS,TPM,ULL,WAE,WAM,WES,WHB,WHC,WHP,WHS,YEB,YEP,YLB
I13_01_1,0,0,0,1,0,2,0,3,0,8,0,0,0,0,10,6,5,0,0,0,0,0,0,0,0,0,0,0,0,0,0,0,0,1,0,0,0,0,0,0,0,0,0,8,0,0,0,14,0,0,0,0,0,0,0,0,0,0,0,0,0,0,1,0,0,0,1,23,0,0,0,0,3,0,0,0,0,0,0,0,0,0,0,0,0,1,0,0,0,0,0
I13_01_2,0,0,0,0,0,0,0,7,0,11,0,0,0,0,9,6,1,0,0,0,0,0,0,0,0,0,0,1,0,0,0,1,11,0,0,3,0,0,3,0,0,5,0,0,0,0,0,0,0,0,0,0,0,0,0,0,0,0,0,0,0,0,1,0,6,2,9,85,0,0,0,0,0,0,0,0,1,1,0,0,0,0,0,0,0,0,0,0,0,0,0
I13_01_3,0,0,0,4,0,0,0,3,0,10,0,0,0,3,6,5,1,0,0,0,0,0,0,2,0,0,0,0,0,0,1,2,45,0,0,1,0,0,6,0,0,6,0,0,0,0,0,0,0,0,0,0,0,0,0,0,1,0,0,0,0,0,0,0,2,5,0,34,0,1,0,0,1,0,0,0,0,0,0,0,0,1,0,0,1,2,0,0,0,0,0
I13_02_1,0,0,0,0,0,1,0,1,0,4,0,0,0,2,5,1,2,1,0,0,0,0,0,1,0,0,0,0,0,0,0,3,0,0,0,0,0,0,2,0,0,2,0,0,0,0,0,19,0,0,0,0,0,0,1,1,0,0,0,0,0,0,2,0,1,0,9,116,0,0,0,0,0,0,0,0,0,0,0,0,0,0,0,0,0,1,0,0,0,0,0
I13_02_2,0,0,0,0,0,0,0,12,0,14,0,0,0,1,1,0,0,0,0,0,0,0,0,3,0,0,0,0,0,0,0,1,3,0,0,0,0,0,1,0,0,9,0,0,0,0,0,4,0,0,0,0,0,0,0,0,2,0,0,0,0,0,0,0,0,1,4,37,0,0,0,0,3,0,0,0,0,0,0,0,0,2,0,0,0,0,0,0,0,0,0
I13_02_3,0,0,0,3,0,1,0,17,0,6,3,0,0,2,0,1,1,0,0,0,0,0,0,0,0,0,0,0,0,0,0,5,41,0,0,1,0,0,1,0,0,13,0,0,0,0,0,4,0,0,0,0,0,0,0,0,0,0,0,0,0,0,3,0,0,3,0,31,0,0,0,0,3,0,0,0,0,0,0,0,0,0,0,0,0,0,0,0,0,0,0
I13_03_1,0,0,1,0,0,0,0,0,0,4,0,0,0,0,0,0,18,0,0,0,0,0,0,0,0,0,0,2,0,0,0,1,0,0,0,0,0,0,1,0,1,5,0,0,2,0,0,0,0,0,0,0,0,0,0,0,2,0,0,2,0,0,0,0,0,0,3,6,0,8,0,0,2,0,0,0,0,1,0,0,0,1,0,0,0,0,0,0,0,0,0
I13_03_2,0,0,1,0,0,0,0,1,0,0,0,0,0,0,0,0,8,0,0,0,0,0,0,2,0,0,0,1,0,0,0,0,0,0,0,0,0,0,0,0,0,0,0,0,0,0,0,0,0,0,0,0,0,0,0,0,0,0,0,0,0,0,0,0,0,0,0,0,1,0,0,0,2,0,0,0,0,0,0,0,2,0,0,0,0,0,0,0,0,0,0
I13_03_3,0,0,0,0,0,1,0,0,0,2,1,0,0,3,0,1,10,0,0,0,0,0,0,1,0,0,0,0,0,0,0,3,0,0,0,0,0,0,0,0,1,14,0,0,0,0,0,2,0,0,0,0,0,0,0,0,2,0,0,0,0,0,0,0,0,0,0,1,0,3,0,0,15,0,0,0,0,1,0,0,0,1,0,0,0,0,0,0,0,0,0
I13_04_1,0,0,0,0,0,0,0,1,0,3,0,0,0,0,0,0,8,0,0,0,0,0,0,0,0,0,0,0,0,0,1,0,0,0,0,0,0,0,0,0,0,8,0,0,0,0,0,9,0,0,0,0,0,0,0,1,2,0,0,0,0,0,0,0,0,0,1,36,0,4,0,0,0,0,0,0,0,0,0,0,0,0,0,0,0,0,0,0,0,0,0
I13_05_1,0,0,0,0,0,0,0,1,2,1,0,0,0,0,0,0,40,0,0,0,0,0,0,2,0,0,0,4,0,0,0,0,0,0,1,0,0,0,0,0,0,1,0,0,1,0,0,1,0,0,0,0,0,0,0,0,0,0,0,1,0,0,0,0,4,0,0,2,0,27,0,0,1,0,0,0,0,0,0,0,0,0,0,0,0,0,0,0,0,0,0
I13_05_2,0,0,0,0,0,0,0,1,6,2,0,0,0,1,8,0,13,0,0,0,0,0,0,1,0,0,0,10,0,0,0,3,0,0,0,1,0,0,0,0,0,12,0,0,0,0,0,15,0,0,0,0,0,0,0,0,3,0,0,1,0,0,0,0,0,0,0,0,0,1,0,0,2,0,0,1,0,0,0,0,0,0,0,0,0,0,0,0,0,0,0
I13_05_3,0,0,0,0,0,0,0,0,1,2,0,0,0,0,5,0,34,0,0,0,0,0,0,0,0,0,0,0,0,0,0,0,0,0,0,0,0,0,0,0,0,2,0,0,0,0,0,10,0,0,0,0,0,0,0,0,0,0,0,0,0,0,0,0,0,0,1,0,0,2,0,0,3,0,0,0,0,0,0,0,0,2,0,0,0,0,0,0,0,0,0
I13_06_1,0,0,0,0,0,1,0,0,0,0,0,0,0,1,0,10,5,0,0,0,0,0,0,1,0,0,0,4,0,0,1,0,0,0,0,0,0,0,0,0,0,2,0,0,0,0,0,2,0,0,0,0,0,0,0,0,0,0,0,0,0,0,0,0,0,0,2,19,0,1,0,0,0,0,0,0,0,1,0,0,0,0,0,0,0,0,0,0,0,0,0
I13_06_2,0,0,0,0,0,0,0,4,0,0,0,0,0,0,16,3,4,0,0,0,0,0,0,1,0,4,0,3,0,0,0,2,2,0,0,1,0,0,1,0,0,12,0,0,0,0,0,23,0,0,0,0,0,0,0,0,0,0,0,0,0,0,0,0,0,0,1,6,0,1,0,0,1,0,0,0,0,1,0,0,0,0,0,0,0,0,0,0,0,0,0
I13_06_3,0,0,0,0,0,0,0,1,0,1,0,0,0,0,2,3,7,0,0,0,0,0,0,0,0,0,0,0,0,0,0,1,0,0,0,0,0,0,0,0,0,10,0,0,0,0,0,24,0,0,0,0,0,0,0,0,1,0,0,0,0,0,0,0,0,0,0,0,0,0,0,0,0,0,0,0,0,0,0,0,0,0,0,0,0,0,0,0,0,0,0
I13_07_1,0,0,0,1,0,0,0,4,0,3,1,0,0,0,0,1,5,0,0,0,0,0,0,0,0,0,0,0,0,0,1,6,1,0,0,0,0,0,0,0,0,4,0,5,0,0,0,12,0,0,0,0,0,0,0,0,1,0,0,0,0,0,0,0,0,0,6,36,0,1,0,0,0,0,0,0,0,1,0,0,0,0,0,0,0,0,0,0,0,0,0
I13_07_2,0,0,0,0,0,0,0,9,0,1,0,0,0,0,8,6,1,0,0,0,0,0,0,2,0,2,0,2,0,0,0,2,0,0,0,0,0,0,0,0,0,8,0,0,0,0,0,17,0,0,0,0,0,0,0,0,1,0,0,0,0,0,0,0,0,0,0,17,0,0,0,0,1,0,0,0,0,1,0,0,0,1,0,0,0,1,0,0,0,0,0
I13_07_3,0,0,0,0,0,2,0,20,0,0,0,0,0,15,5,5,4,0,0,0,0,0,0,1,0,1,2,2,0,0,0,3,0,0,0,0,0,0,1,0,0,56,0,0,0,0,0,44,0,0,0,0,0,0,0,0,4,0,0,0,0,0,0,0,0,0,1,4,0,2,0,0,2,0,0,0,0,0,0,0,0,2,0,0,0,0,0,0,0,0,0
I13_08_1,0,0,0,0,0,1,0,11,0,2,1,0,0,2,0,4,13,0,0,0,0,0,0,0,0,0,0,3,0,0,0,3,0,0,0,0,0,0,2,0,0,5,0,0,0,0,0,14,0,0,0,0,0,0,0,0,0,0,0,0,0,0,0,0,0,0,2,21,0,2,0,0,1,0,0,0,0,1,0,0,0,0,0,0,0,0,0,0,0,0,0
I13_08_2,0,0,0,0,0,0,0,2,0,1,0,0,0,0,44,0,13,0,0,0,0,0,0,1,0,7,0,2,0,0,0,1,0,0,0,3,0,0,0,0,0,5,0,0,0,0,0,67,0,0,0,0,0,0,0,0,0,0,0,0,0,0,0,0,0,0,4,13,0,6,0,0,1,0,0,0,0,0,0,0,0,0,0,0,0,0,0,0,0,0,0
I13_08_3,0,0,1,0,0,0,1,2,0,0,0,0,0,0,4,0,5,0,0,0,0,0,0,0,0,0,0,1,0,0,0,0,0,0,0,0,0,0,0,0,0,7,0,0,0,0,0,27,0,0,0,0,0,0,0,0,2,0,0,0,0,0,0,0,0,0,0,0,0,0,0,0,1,0,0,0,0,0,0,0,0,0,0,0,0,1,0,0,0,0,0
I13_09_1,0,0,0,0,1,1,0,0,0,7,0,0,0,0,1,8,0,0,0,0,0,0,0,2,0,0,0,2,0,0,0,0,0,0,0,0,0,0,0,0,0,3,0,0,0,0,0,1,0,0,0,0,0,0,0,0,0,0,0,1,0,0,0,0,0,0,16,157,0,1,0,0,1,0,0,0,0,3,0,0,1,0,0,0,0,0,0,0,0,0,0
I13_09_2,0,0,0,0,0,0,2,4,1,0,0,0,0,0,9,2,10,0,0,0,0,0,0,3,0,1,0,1,0,0,0,3,0,0,0,0,0,0,1,0,0,9,0,0,0,0,0,15,0,0,0,0,0,0,0,0,2,0,0,0,0,0,0,0,0,0,0,0,0,2,0,0,1,0,0,0,0,0,0,0,0,1,0,0,0,0,0,0,0,0,0
I13_09_3,0,0,0,0,0,2,0,0,0,4,1,0,0,1,14,1,1,0,0,0,0,0,0,0,0,11,0,8,0,0,0,0,0,0,0,0,0,0,0,0,0,2,0,0,0,0,0,29,0,0,0,0,0,0,0,0,2,0,0,0,0,0,0,0,0,2,0,1,0,15,0,0,1,0,0,0,0,3,0,0,0,1,0,0,0,0,0,0,0,0,0
I13_10_1,0,0,0,0,0,0,0,5,0,1,0,0,0,0,1,14,7,0,0,0,0,0,0,2,0,0,0,0,0,0,1,1,0,0,0,0,0,0,0,0,0,1,0,0,0,0,0,2,0,0,0,0,0,0,0,0,0,0,0,0,0,0,0,0,0,0,0,19,0,1,0,0,0,0,0,0,0,3,0,0,0,1,0,0,0,1,0,0,0,0,0
I13_10_2,0,0,0,0,0,1,0,6,0,0,0,0,0,0,3,7,1,0,0,0,0,1,0,5,0,2,0,0,0,0,0,1,5,0,0,0,0,0,2,0,0,1,0,0,0,0,0,12,0,0,0,0,0,0,0,0,0,0,0,0,0,0,0,0,0,0,0,9,0,0,0,0,1,0,0,0,0,0,0,0,0,0,0,0,0,1,0,0,0,0,1
I13_11_1,0,0,0,0,0,0,0,1,0,2,0,0,0,1,1,1,5,0,0,0,0,0,0,1,0,0,0,0,0,0,0,0,0,0,0,0,0,0,0,0,0,1,0,0,0,0,0,5,0,0,0,0,0,0,0,1,0,0,0,0,0,0,0,0,1,0,4,26,0,0,0,0,0,0,0,0,0,0,0,0,0,0,0,0,0,3,0,0,0,0,0
I13_11_2,0,0,0,0,0,0,1,6,0,6,0,0,0,0,8,1,5,0,0,0,0,1,0,3,0,3,0,4,0,0,0,0,0,1,0,0,0,0,2,0,0,3,0,0,0,0,0,20,0,0,0,0,0,0,0,0,0,0,0,0,0,0,0,0,2,0,29,86,1,2,0,0,0,0,0,0,0,4,0,0,0,2,0,0,0,0,0,0,0,0,0
I13_11_3,0,0,0,0,0,0,0,6,0,14,0,0,0,5,12,0,18,0,0,0,1,1,0,1,0,3,0,3,0,0,1,0,1,0,0,0,0,0,1,0,0,9,0,0,0,0,0,103,0,0,0,0,0,0,0,0,0,0,0,0,0,0,2,0,12,0,70,160,0,2,0,0,2,0,0,0,0,4,0,0,2,0,0,0,0,0,0,0,0,0,0
I13_12_1,0,0,0,1,0,0,0,2,0,0,0,0,0,0,1,2,0,0,0,0,0,0,0,1,0,1,0,0,0,0,1,2,1,0,0,0,0,0,1,0,0,0,0,0,0,0,0,1,0,0,0,0,0,0,0,0,0,0,0,0,0,0,0,0,0,0,1,28,0,0,0,0,0,0,0,0,0,0,0,0,0,0,0,0,0,2,0,0,0,0,0
I13_12_2,0,0,0,0,1,2,0,6,0,1,1,0,0,0,1,5,1,0,0,0,0,0,0,1,0,0,0,0,0,0,0,0,0,0,0,0,0,0,4,0,0,1,0,0,0,0,0,10,0,0,0,0,0,0,0,0,0,0,0,0,0,0,3,0,0,0,3,17,0,0,0,0,0,0,0,0,0,0,0,0,0,0,0,0,0,0,0,0,0,0,0
I13_12_3,0,0,0,2,1,1,0,8,0,0,0,0,0,4,5,7,0,0,0,0,0,20,0,1,0,6,0,6,0,0,0,1,5,0,0,2,0,0,2,0,0,0,0,0,0,0,0,37,0,0,0,0,0,0,0,2,0,0,0,0,0,0,5,0,0,0,4,89,0,4,0,0,1,0,0,0,0,0,0,0,0,0,0,0,0,2,0,0,0,0,0
I13_13_1,0,0,0,0,0,0,0,4,0,0,0,0,0,0,0,3,0,0,0,0,0,0,0,0,0,0,0,1,0,0,1,0,0,0,0,0,0,0,0,0,0,0,0,0,0,0,0,3,0,0,0,0,0,0,0,0,0,0,0,0,0,0,0,0,0,0,3,47,0,0,0,0,0,0,0,0,0,0,0,0,0,0,0,0,0,0,0,0,0,0,0
I13_13_2,0,0,0,1,1,0,0,1,0,1,0,0,0,0,3,8,1,0,0,0,0,0,0,2,0,2,0,0,0,0,0,0,0,0,0,0,0,0,0,0,0,0,0,0,0,0,0,2,0,0,0,0,0,0,0,0,0,0,0,0,0,0,1,0,0,0,4,17,0,0,0,0,0,0,0,0,0,0,0,0,0,0,0,0,0,1,0,0,0,0,0
I13_13_3,0,0,0,0,0,1,0,5,0,0,0,0,0,0,10,4,11,0,0,0,0,0,0,0,0,3,0,1,0,0,0,2,1,0,0,0,0,0,0,0,0,1,0,0,0,0,0,51,0,0,0,0,0,0,0,0,0,0,0,0,0,0,5,0,2,0,10,70,0,1,0,0,0,0,0,0,0,0,0,0,1,0,0,0,0,2,0,0,0,0,0
I13_14_1,0,0,0,2,0,0,0,1,0,2,0,0,0,0,0,0,0,0,0,0,0,1,0,1,0,0,0,0,0,0,1,3,0,0,0,0,0,0,0,0,0,3,0,0,0,0,0,0,0,0,0,0,0,0,0,6,0,0,0,0,0,0,1,0,3,0,23,108,0,0,0,0,0,0,0,0,0,0,0,0,0,1,0,0,0,0,0,0,0,0,0
I13_14_2,0,0,0,0,0,0,0,3,0,1,0,0,0,0,0,3,0,0,0,0,0,0,0,2,0,0,0,0,0,0,0,1,1,0,0,0,0,0,0,0,0,0,0,0,0,0,0,1,0,0,0,0,0,0,0,0,0,0,0,0,0,0,0,0,0,0,5,30,0,0,0,0,1,0,0,0,0,0,0,0,0,0,0,0,0,0,0,0,0,0,0
I13_14_3,0,0,0,0,0,0,0,1,0,7,0,0,0,0,8,2,8,0,0,0,0,0,0,0,0,0,0,1,0,0,0,2,0,0,0,1,0,0,1,0,0,7,0,0,0,0,0,32,0,0,0,0,0,0,0,0,0,0,0,0,0,0,2,0,0,1,15,45,0,1,0,0,2,0,0,0,0,0,0,0,1,0,0,0,0,1,0,0,0,0,0
I13_15_1,0,0,0,0,0,0,0,3,0,0,0,0,0,0,2,7,0,0,0,0,0,3,0,0,0,1,0,3,0,0,0,0,1,0,0,0,0,0,2,0,0,2,0,0,0,1,0,0,0,0,0,0,0,0,0,0,0,0,0,0,0,0,0,0,0,0,24,56,0,0,0,0,1,0,0,0,0,0,0,0,1,0,0,0,0,2,0,0,0,0,0
I13_15_2,0,0,0,0,0,0,0,0,1,1,0,0,0,0,7,0,4,0,0,0,0,3,0,1,0,0,0,10,0,0,1,3,3,1,0,1,0,0,0,0,0,11,0,1,0,1,0,5,0,0,0,0,0,0,0,0,2,0,0,0,0,0,0,0,1,0,3,14,1,0,0,0,1,0,0,0,0,2,0,0,0,0,0,0,0,0,0,0,0,0,0
I13_15_3,0,0,0,0,0,0,2,3,0,16,0,0,0,0,16,0,11,0,0,0,0,0,0,0,0,1,0,6,0,0,0,2,0,0,0,0,0,0,1,0,0,21,0,0,0,0,0,11,0,0,0,0,0,0,0,0,0,0,0,0,0,0,0,0,0,0,18,115,0,3,0,0,3,0,0,0,0,0,0,0,0,2,0,0,0,1,0,0,0,0,0
I14_01_1,0,0,0,0,0,0,0,0,0,0,0,0,0,0,1,1,0,0,0,0,0,0,0,2,0,0,0,0,0,0,0,0,0,0,0,0,0,0,0,0,0,0,0,0,0,0,0,5,0,0,0,0,0,0,0,0,0,0,0,0,0,0,0,0,0,0,0,1,0,2,0,0,1,0,0,0,0,1,0,0,0,0,0,0,0,1,0,0,0,0,1
I14_01_2,0,0,0,1,0,0,1,1,0,0,0,0,0,0,4,3,0,0,0,0,0,0,0,2,0,0,0,0,0,0,2,0,4,0,0,2,0,0,2,0,1,0,0,0,0,0,4,0,0,0,0,0,0,0,0,0,0,0,0,0,0,0,0,0,0,2,0,8,0,2,0,0,0,0,0,0,1,0,0,0,0,0,0,0,0,0,0,0,0,0,0
I14_01_3,0,0,0,0,1,0,0,2,0,1,0,0,0,4,7,6,2,0,0,0,0,0,0,0,0,0,0,0,0,0,0,0,34,0,0,1,0,0,1,0,3,0,0,0,0,0,0,3,0,0,0,0,0,0,0,2,0,0,0,0,0,0,0,0,1,0,0,1,0,0,0,0,0,0,0,0,0,0,0,0,1,0,0,0,0,0,0,0,0,0,0
I14_02_1,0,0,0,0,1,0,0,0,0,0,0,0,0,0,1,2,2,0,0,0,0,0,0,0,0,0,0,2,0,0,0,0,0,0,0,1,0,0,0,0,0,0,0,0,0,0,0,8,0,0,0,0,0,0,0,0,1,0,0,0,0,0,0,0,1,0,21,102,0,0,0,0,5,0,0,0,0,0,0,0,0,1,0,0,0,1,0,0,0,0,0
I14_02_3,0,0,0,0,0,0,0,3,0,2,0,0,0,0,15,2,3,0,0,0,0,0,0,0,0,0,0,0,0,0,0,7,0,0,0,5,0,0,0,0,0,0,0,2,0,0,6,10,0,0,0,0,0,0,0,3,0,0,0,0,0,0,1,0,1,1,0,52,0,3,0,0,6,0,0,0,0,0,0,0,1,2,0,0,0,0,0,0,0,0,0
I14_03_1,0,0,0,0,0,0,1,0,1,3,0,0,0,0,2,8,4,0,0,0,0,0,0,1,0,0,0,1,0,0,0,2,0,0,0,0,0,0,0,0,0,0,1,3,2,0,11,1,0,0,0,0,0,0,0,1,0,0,0,1,0,0,0,0,11,0,21,100,1,7,0,0,5,0,0,0,0,0,0,0,0,0,0,0,0,0,0,0,2,0,0
I14_03_3,0,0,1,0,0,0,1,1,0,0,1,0,0,2,2,3,23,0,0,0,0,0,0,2,0,0,0,2,0,0,0,0,9,0,0,0,0,0,0,0,0,0,0,0,0,0,2,0,0,0,0,0,0,0,0,0,1,0,0,1,0,1,0,0,1,0,0,59,0,6,0,0,10,0,0,0,0,0,0,0,0,1,0,0,0,0,0,0,0,0,1
I14_04_1,0,0,0,0,0,0,0,0,0,0,0,0,0,0,0,3,0,0,0,0,0,0,0,0,0,0,0,1,0,0,0,0,0,0,0,0,0,0,0,0,0,0,0,0,0,0,1,0,0,0,0,0,0,0,0,2,1,0,0,1,0,0,2,0,0,0,5,18,0,0,0,0,0,0,0,0,0,0,0,0,1,0,0,0,0,0,0,0,0,0,0
I14_04_3,0,0,0,0,0,0,0,0,0,1,0,0,0,0,2,2,5,0,0,0,0,0,0,0,0,0,0,3,0,0,0,0,0,0,0,0,0,0,0,0,0,0,0,0,0,0,1,1,0,0,0,0,0,0,0,0,0,0,0,0,0,1,1,0,1,0,0,15,0,5,0,0,11,0,0,0,0,0,0,0,0,3,0,0,0,0,0,0,0,0,0
I14_05_1,0,0,0,0,0,0,0,0,0,5,0,0,0,0,0,3,1,0,0,0,0,0,0,5,0,0,0,1,0,0,2,0,0,0,1,0,0,0,0,0,0,0,0,1,0,0,12,4,0,0,0,0,0,0,1,0,0,0,0,0,0,0,1,0,3,0,17,81,0,0,0,0,3,0,0,0,0,0,0,0,0,2,0,0,0,0,0,0,0,0,0
I14_05_3,0,0,0,0,0,1,0,0,0,3,0,0,0,2,2,4,11,0,0,0,0,0,0,1,0,0,0,5,0,0,0,0,0,0,0,0,0,0,0,0,0,0,0,1,0,0,0,1,0,0,0,0,0,0,0,0,1,0,0,2,0,0,0,0,2,0,0,28,0,16,0,0,9,0,0,1,0,0,0,0,0,4,0,0,0,0,0,0,0,0,0
I14_06_1,0,0,0,1,1,0,0,0,0,2,0,0,0,0,2,0,3,0,0,0,0,1,0,0,0,1,0,0,0,0,1,0,0,0,0,0,0,0,0,0,0,0,0,1,0,0,3,33,0,0,0,0,0,0,0,0,0,0,0,0,0,0,0,0,0,0,6,46,0,0,0,0,0,0,0,0,0,0,0,0,0,1,0,0,0,0,0,0,0,0,0
I14_06_3,0,0,0,2,6,0,0,0,0,0,0,0,0,0,0,1,0,0,0,0,0,0,0,0,0,0,0,6,0,0,0,0,0,0,0,0,0,0,0,0,0,0,0,0,0,0,0,0,0,0,0,0,0,0,0,0,0,0,0,0,0,0,1,0,0,0,0,3,0,1,0,0,1,0,0,0,0,3,0,0,13,1,0,0,0,0,0,0,0,0,0
I14_07_1,0,0,0,0,1,0,0,0,0,0,0,0,0,0,0,1,1,0,0,0,0,0,0,1,0,0,0,0,0,0,1,0,0,0,0,0,0,0,0,0,0,0,0,0,0,0,2,12,0,0,0,0,0,0,0,0,0,0,0,0,0,0,0,0,0,0,0,2,0,0,0,0,0,0,0,0,0,0,0,0,1,0,0,0,0,0,0,0,0,0,0
I14_07_3,0,0,0,1,1,0,0,0,0,2,0,0,0,0,20,2,3,0,0,0,0,0,0,0,0,0,0,1,0,0,0,0,0,0,0,3,0,0,0,0,0,0,0,1,0,0,0,5,0,0,0,0,0,0,0,0,2,0,0,0,0,0,1,0,0,0,0,10,0,5,0,0,3,0,0,0,0,1,0,0,2,2,0,0,0,0,0,0,0,0,1
I14_08_1,0,0,0,0,0,0,0,0,0,0,0,0,0,0,0,0,1,0,0,0,0,0,0,0,0,0,0,0,0,0,0,0,0,0,0,0,0,0,0,0,0,0,0,0,0,0,0,13,0,0,0,0,0,0,0,0,0,0,0,0,0,0,1,0,0,0,11,65,0,0,0,0,0,0,0,0,0,0,0,0,0,0,0,0,0,1,0,0,0,0,0
I14_08_3,0,0,0,1,3,1,0,0,0,0,1,0,0,0,0,1,1,0,0,0,0,0,0,0,0,0,0,0,0,0,0,0,0,0,0,1,0,0,0,0,0,0,0,0,0,0,0,1,0,0,0,0,0,0,0,0,1,0,0,0,0,0,5,0,2,0,0,0,0,1,0,0,0,0,0,0,0,1,0,0,1,1,0,0,0,1,0,0,0,0,0
I14_09_1,0,0,0,0,0,0,0,0,0,5,0,0,0,0,0,2,1,0,0,0,0,0,0,0,0,0,0,0,0,0,0,0,0,0,0,1,0,0,0,0,0,0,0,0,0,0,3,7,0,0,0,0,0,0,0,0,0,0,0,0,0,0,0,0,3,0,12,46,0,0,0,0,0,0,0,0,0,0,0,0,0,0,0,0,0,0,0,0,0,0,0
I14_09_3,0,0,0,1,0,0,0,1,0,1,0,0,0,0,4,1,1,0,0,0,0,0,0,0,0,0,0,3,0,0,0,0,0,0,0,1,0,0,0,0,0,0,0,15,0,0,0,2,0,0,0,0,0,0,0,0,0,0,0,0,0,0,2,0,6,0,0,42,0,0,0,0,1,0,0,0,0,0,0,0,5,0,0,0,0,0,0,0,0,0,0
I14_10_1,0,0,0,1,0,0,0,0,0,0,0,0,0,3,0,4,0,0,0,0,0,0,0,0,0,0,0,0,0,0,0,0,0,0,0,0,0,0,0,0,0,0,0,0,0,0,1,6,0,0,0,0,0,0,0,0,0,0,0,0,0,0,0,0,0,0,11,75,0,0,0,0,0,0,0,0,0,0,0,0,1,1,0,0,0,0,0,0,0,0,0
I14_10_3,0,0,0,2,2,1,0,0,0,0,0,0,0,1,0,0,4,0,0,0,0,0,0,0,0,0,0,0,0,0,0,0,2,0,0,0,0,0,0,0,0,0,0,0,0,0,0,0,0,0,0,0,0,0,0,0,0,0,0,0,0,3,1,0,0,1,0,9,0,0,0,0,1,0,0,0,0,1,0,0,5,0,0,0,0,1,0,0,0,0,0
I14_11_1,0,0,0,0,0,0,0,0,0,2,0,0,0,0,7,1,2,0,0,0,0,2,0,0,0,3,0,0,0,0,0,0,0,0,0,0,0,0,0,0,0,0,0,1,0,0,0,10,0,0,0,0,0,0,0,3,0,0,0,0,0,0,2,0,3,0,48,105,0,0,0,0,0,0,0,0,0,1,0,0,0,0,0,0,0,0,0,0,0,0,0
I14_11_3,0,0,0,0,1,0,0,1,0,0,0,0,0,1,0,0,0,0,0,0,0,0,0,0,0,0,0,1,0,0,0,0,0,0,0,1,0,0,0,0,0,0,0,2,0,0,0,2,0,0,0,0,0,0,0,0,0,0,0,0,0,0,1,0,0,0,0,2,0,1,0,0,1,0,0,0,0,4,0,0,9,1,0,0,0,0,0,0,0,0,0
I14_12_1,0,0,0,2,0,0,0,0,0,1,0,0,0,0,9,0,0,0,0,0,0,0,0,0,0,0,0,0,0,0,1,0,0,0,0,0,0,0,0,0,0,0,0,2,0,0,0,12,0,0,0,0,0,0,0,0,0,0,0,0,0,0,1,0,0,0,9,21,0,0,0,0,0,0,0,0,0,1,0,0,0,0,0,0,0,1,0,0,0,0,0
I14_12_2,0,0,0,0,0,0,0,3,0,0,0,0,0,7,1,0,0,0,0,0,0,0,0,0,0,0,0,1,0,0,0,0,0,0,0,0,0,0,0,0,0,0,0,1,0,0,0,6,0,0,0,0,0,0,0,0,0,0,0,0,0,0,0,0,0,0,0,7,0,0,0,0,0,0,0,0,0,1,0,0,0,3,0,0,0,1,0,0,0,0,0
I14_12_3,0,0,0,0,3,1,0,0,0,0,0,0,0,0,0,1,0,0,0,0,0,0,0,0,0,0,0,0,0,0,0,0,0,0,0,0,0,0,0,0,0,0,0,0,0,0,0,0,0,0,0,0,0,0,0,0,0,0,0,0,0,1,0,0,0,0,0,0,0,0,0,0,0,0,0,0,0,0,0,0,2,2,0,0,0,1,0,0,0,0,0
I14_13_1,0,0,0,2,0,0,0,0,0,3,0,0,0,0,1,0,0,0,0,0,0,1,0,0,0,0,0,0,0,0,0,0,0,0,0,0,0,0,0,0,0,0,0,1,0,0,1,4,0,0,0,0,0,0,0,2,0,0,0,0,0,0,1,0,0,0,19,50,0,1,0,0,0,0,0,0,0,0,0,0,0,0,0,0,0,0,0,0,0,0,0
I14_13_2,0,0,0,3,0,1,0,1,0,1,0,0,0,6,0,0,0,0,0,0,0,1,0,0,0,0,0,0,0,0,0,0,0,0,0,1,0,0,0,0,0,0,0,1,0,0,1,10,0,0,0,0,0,0,0,0,0,0,0,0,0,0,0,0,0,1,0,18,0,0,0,0,0,0,0,0,0,0,0,0,0,0,0,0,0,2,0,0,0,0,0
I14_13_3,0,0,0,3,0,0,0,0,0,0,0,0,0,0,0,1,0,0,0,0,0,1,0,0,0,0,0,0,0,0,0,0,12,0,0,0,0,0,0,0,0,0,0,0,0,0,0,0,0,0,0,0,0,0,0,0,0,0,0,0,0,0,1,0,0,0,0,0,0,0,0,0,0,0,0,0,0,0,0,0,0,0,0,0,0,3,0,0,0,0,0
I14_14_1,0,0,0,5,3,0,0,0,0,6,0,0,0,1,0,0,0,0,0,0,0,0,0,0,0,0,0,0,0,0,4,0,0,0,0,0,0,0,0,0,0,0,0,0,0,0,0,1,0,0,0,0,0,0,2,13,0,0,0,0,0,0,0,0,3,0,25,73,0,0,0,0,1,0,0,0,0,0,0,0,0,0,0,0,0,0,0,0,0,0,0
I14_14_2,0,0,0,10,0,0,0,1,0,1,2,0,0,5,0,1,0,0,0,0,0,0,0,0,0,0,0,0,0,0,3,0,0,0,0,0,0,0,0,0,0,0,0,0,0,0,1,1,0,0,0,0,0,0,1,1,0,0,0,0,0,0,0,0,0,0,0,33,0,0,0,0,0,0,0,0,0,0,0,0,0,0,0,0,0,0,0,0,0,0,0
I14_14_3,0,0,0,3,0,0,0,0,0,0,0,0,0,1,0,3,3,0,0,0,0,0,0,0,0,0,0,0,0,0,0,0,8,0,0,0,0,0,0,0,0,0,0,0,0,0,0,0,0,0,0,0,0,0,0,1,0,0,0,0,0,1,0,0,0,0,0,8,0,0,0,0,0,0,0,0,0,0,0,0,0,0,0,0,0,0,0,0,0,0,0
I14_15_1,0,0,0,0,0,0,0,1,0,5,0,0,0,0,0,0,0,0,0,0,0,2,0,0,0,0,0,0,0,0,3,0,0,0,0,0,0,0,0,0,0,0,0,0,0,0,2,1,0,0,0,0,0,0,1,6,0,0,0,0,0,0,1,0,2,0,13,57,0,0,0,0,0,0,0,0,0,0,0,0,1,0,0,0,0,0,0,0,0,0,0
I14_15_3,0,0,0,0,0,2,0,0,0,0,1,0,0,1,0,0,1,0,0,0,0,0,0,0,0,0,0,1,0,0,6,1,4,0,0,0,0,0,2,0,0,0,0,0,0,0,0,3,0,0,0,0,0,0,1,1,0,0,0,0,0,0,0,0,0,0,0,25,0,0,0,0,0,0,0,0,0,2,0,0,0,0,0,0,0,1,0,0,0,0,0
I15_01_2,0,0,0,1,0,0,1,10,0,0,0,0,0,0,0,4,0,0,0,0,0,0,0,0,0,0,0,0,4,0,0,4,2,0,0,3,0,0,2,0,0,0,0,0,0,0,2,0,0,0,0,0,0,0,0,0,0,0,0,0,0,0,4,0,1,0,0,1,0,0,0,0,0,0,0,0,0,0,0,0,0,0,0,4,0,0,0,0,0,0,0
I15_01_3,0,0,0,0,0,0,1,4,0,1,0,0,0,0,8,5,1,0,0,0,0,0,0,0,0,0,0,0,0,0,0,1,38,1,0,2,0,0,0,0,0,0,0,0,0,0,2,0,0,0,0,0,0,0,0,0,0,0,0,0,0,0,6,0,0,0,0,2,0,0,0,0,2,0,0,0,0,0,0,0,3,0,0,0,0,3,0,0,0,0,0
I15_02_2,0,0,0,1,0,0,4,12,0,3,0,0,0,0,0,2,3,0,0,0,0,0,1,1,0,0,0,0,0,0,1,16,0,0,0,2,0,0,2,0,0,0,0,0,0,0,6,3,0,1,0,0,0,0,0,0,0,0,0,0,0,0,0,0,0,3,0,26,1,0,0,0,1,0,0,0,0,0,0,0,0,0,0,0,0,0,0,0,0,0,0
I15_02_3,0,0,1,0,0,0,2,3,0,6,1,0,0,0,5,0,0,0,0,0,0,0,0,0,0,0,0,2,0,0,0,7,0,0,0,1,0,0,2,0,0,0,0,1,0,0,0,0,0,0,0,0,0,0,0,0,2,0,0,0,0,0,0,0,0,1,0,27,0,0,0,0,2,0,0,0,0,2,0,0,1,1,0,0,0,0,0,0,0,0,0
I15_03_2,0,0,2,0,0,0,0,0,0,0,0,0,0,0,0,4,27,0,0,0,0,0,0,0,0,0,0,7,0,0,0,0,0,0,0,1,0,0,0,0,4,0,0,0,3,0,1,1,0,0,0,0,0,0,0,0,1,0,0,0,0,1,0,0,0,0,0,6,2,31,0,0,6,0,0,0,0,0,0,0,0,0,0,0,0,0,0,0,0,0,0
I15_06_2,0,0,0,0,2,1,1,4,0,0,0,0,0,0,1,3,4,0,0,0,0,0,0,2,0,0,0,1,0,0,5,0,1,0,0,0,0,0,1,0,0,0,0,1,0,1,5,0,0,0,0,0,0,0,0,1,0,0,0,0,0,0,3,0,0,0,0,9,0,0,0,0,5,0,0,1,0,0,0,0,0,0,0,0,0,1,1,0,0,0,0
I15_06_3,0,0,0,0,1,0,0,3,0,1,0,0,0,0,2,14,7,0,0,0,0,0,0,0,0,0,0,2,0,0,1,0,0,0,0,1,0,0,0,0,0,0,0,2,0,0,2,2,0,0,0,0,0,0,0,0,2,0,0,0,0,0,0,0,1,0,0,0,0,0,0,0,1,0,0,0,0,0,0,0,1,0,0,0,0,0,0,0,0,0,0
I15_07_2,0,0,0,1,0,2,2,11,0,0,1,0,0,0,1,8,2,0,0,0,0,0,0,1,0,0,0,0,0,0,0,2,1,0,0,0,0,0,0,0,0,0,0,0,0,0,0,0,0,0,0,0,0,0,0,0,0,0,0,0,0,0,0,0,0,0,0,8,0,0,0,0,1,0,0,0,0,1,0,0,0,0,0,0,0,5,0,0,0,0,0
I15_07_3,0,0,0,0,0,1,2,3,0,1,0,0,0,0,3,7,1,0,0,0,0,0,0,0,0,0,0,1,0,0,0,8,0,0,0,7,0,0,1,0,0,0,0,1,0,0,0,0,0,0,0,0,0,0,0,0,9,0,0,0,0,0,0,0,2,0,0,1,0,7,0,0,0,0,0,0,0,2,0,1,0,2,0,0,0,0,0,0,0,0,0
I15_08_2,0,0,0,0,0,0,3,1,0,0,1,0,0,0,0,5,21,0,0,0,0,0,0,4,0,0,0,0,1,0,0,2,0,0,0,0,0,0,4,0,0,0,0,3,0,0,2,0,0,0,0,0,0,0,0,0,4,0,0,0,0,0,0,0,0,0,0,0,0,0,0,0,2,0,0,0,0,1,0,1,0,0,0,0,0,0,0,0,0,0,0
I15_08_3,0,0,0,0,0,0,2,0,0,1,0,0,0,0,0,2,3,0,0,0,0,0,0,0,0,0,0,6,0,0,0,0,0,0,0,2,0,0,2,0,0,0,0,0,0,0,1,2,0,0,0,0,0,0,0,0,4,0,0,0,0,0,0,0,0,0,0,2,0,4,0,0,2,0,0,0,0,0,0,0,0,0,0,0,0,0,0,0,0,0,0
I15_09_2,0,0,0,0,0,0,4,2,0,3,1,0,0,0,0,3,12,0,0,0,0,0,0,1,0,0,0,0,0,0,1,4,0,0,0,0,0,0,3,0,0,0,0,0,0,0,5,0,0,0,0,0,0,0,0,0,5,0,0,0,0,0,0,0,5,0,0,15,0,0,0,0,0,0,0,0,0,1,0,0,0,0,0,0,0,1,0,0,0,0,0
I15_09_3,0,0,1,0,0,1,0,5,0,7,0,0,0,0,4,4,18,0,0,0,0,0,0,0,0,0,0,9,0,0,0,1,0,0,0,3,0,0,1,0,0,0,0,1,0,0,2,1,0,1,0,0,0,0,0,0,13,0,0,0,0,0,0,0,0,0,0,20,0,10,0,0,5,0,0,0,1,3,0,0,0,6,0,0,0,0,0,0,0,0,0
I15_10_2,0,0,0,0,0,0,0,0,0,2,0,0,0,0,0,13,19,0,0,0,0,0,0,1,0,0,0,0,0,0,0,0,0,0,0,0,0,0,0,0,0,0,0,0,0,0,0,0,0,0,0,0,0,0,0,0,0,0,0,0,0,0,0,0,0,0,0,12,0,1,0,0,2,0,0,0,0,0,0,0,0,0,0,0,0,0,0,0,0,0,0
I15_10_3,0,0,0,0,0,1,0,0,0,0,0,0,0,0,1,6,14,0,0,0,0,0,0,0,0,0,0,8,0,0,0,0,2,1,0,0,0,0,1,0,0,0,0,0,0,0,0,1,0,0,0,0,0,0,0,0,3,0,0,0,0,0,0,0,0,0,0,0,0,16,0,0,0,0,0,0,0,4,0,0,2,10,0,0,0,1,0,0,0,0,0
I15_11_2,0,0,0,1,0,2,1,8,0,1,0,0,0,5,0,9,2,0,0,0,0,0,0,2,0,0,0,0,22,0,2,5,45,0,0,0,0,0,3,0,0,0,0,0,0,0,1,1,0,0,0,0,0,1,0,1,0,0,0,0,0,1,0,0,0,0,0,106,0,0,0,0,0,0,0,0,0,0,0,0,0,1,0,0,0,2,0,0,0,0,0
I15_11_3,0,0,0,1,0,4,0,11,0,0,0,0,0,1,12,5,5,0,0,0,0,0,0,0,0,0,0,0,0,0,0,0,0,0,0,0,0,0,3,0,0,0,0,1,0,0,0,2,0,0,0,0,0,0,0,0,2,0,0,0,0,0,0,0,0,0,0,2,1,0,0,0,4,0,0,0,0,3,0,0,3,2,0,0,0,4,0,0,0,0,0
I15_12_2,0,0,0,1,0,0,0,11,0,0,0,0,0,0,2,4,1,0,0,0,0,0,0,5,0,0,0,0,1,0,1,0,27,0,0,1,0,0,3,0,0,0,0,0,0,0,0,0,0,0,0,0,0,0,0,0,0,0,0,0,0,0,1,0,1,0,0,23,0,0,0,0,1,0,0,0,0,0,0,0,0,0,0,0,0,0,0,0,0,0,0
I15_12_3,0,0,0,2,0,1,1,13,0,3,0,0,0,1,8,6,0,0,0,0,0,0,0,0,0,0,0,0,1,0,0,0,0,0,0,0,0,0,0,0,0,0,0,0,0,0,0,1,0,0,0,0,0,0,0,0,0,0,1,0,0,0,0,0,0,0,0,7,0,0,0,0,3,0,0,0,0,3,0,0,1,0,0,0,0,3,0,0,0,0,0
I15_13_2,0,0,0,2,1,0,3,2,0,2,0,0,0,5,0,3,5,0,0,0,0,0,0,1,0,2,0,2,1,0,0,0,3,0,0,1,0,0,0,0,0,0,0,3,0,0,0,1,0,0,0,0,0,0,0,0,0,0,0,0,0,0,3,0,0,1,0,23,1,0,0,0,0,0,0,0,0,0,0,0,0,0,0,0,0,2,0,0,0,0,0
I15_13_3,0,0,0,3,2,1,0,4,0,1,0,0,0,0,0,4,5,0,0,0,0,0,0,0,0,0,0,0,0,0,0,0,0,0,0,0,0,0,0,0,0,0,0,0,0,1,0,2,0,0,0,0,0,0,0,0,1,0,0,0,0,0,0,0,0,0,0,0,0,1,0,0,0,0,0,0,0,2,0,0,1,0,0,2,0,2,0,0,0,0,0
I15_14_2,0,0,0,2,0,0,0,1,0,0,0,0,0,0,0,3,0,0,0,0,0,0,0,0,0,0,0,0,6,0,0,0,1,0,0,0,0,0,1,0,0,0,0,0,0,0,0,0,0,0,0,0,0,0,0,0,0,0,0,0,0,1,1,0,0,0,0,9,0,7,0,0,0,0,0,0,1,8,0,0,0,3,0,0,0,1,0,0,0,0,0
I15_14_3,0,0,0,2,3,1,0,0,0,2,0,0,0,9,0,4,0,0,0,0,0,0,0,0,0,0,0,0,7,0,0,0,11,0,0,5,0,0,6,0,0,0,0,0,0,0,0,0,0,0,0,0,0,0,0,0,0,0,0,0,0,1,0,0,0,0,0,19,0,1,0,0,0,0,0,0,0,0,0,0,2,0,0,0,0,4,0,0,0,0,0
I15_15_2,0,0,0,1,0,0,1,1,0,1,0,0,0,0,0,1,5,0,0,0,0,0,0,0,0,0,0,8,2,0,0,1,21,0,0,1,0,0,2,0,0,0,0,0,0,0,0,0,0,0,0,0,0,0,0,0,1,0,0,0,0,0,0,0,0,0,0,14,2,0,0,0,4,0,0,0,0,7,0,0,1,2,0,0,0,0,0,0,0,0,0
I15_15_3,0,0,0,0,0,1,0,2,1,3,0,0,0,0,1,0,44,0,0,0,0,0,0,1,0,0,0,7,0,0,0,1,16,0,0,0,0,0,1,0,0,0,0,0,0,1,1,0,0,0,0,0,0,0,0,0,0,0,0,0,0,1,0,0,0,0,0,33,2,6,0,0,3,0,0,0,0,4,0,0,0,0,0,1,0,1,0,0,0,0,0
K13_01_1,0,0,0,0,0,0,0,1,0,0,0,0,0,0,0,1,0,0,0,0,0,0,0,1,1,0,0,1,0,0,0,0,16,0,0,0,0,0,3,0,0,0,0,0,0,0,0,0,0,0,0,0,0,0,0,0,0,0,1,0,0,0,0,0,0,0,0,0,0,0,0,0,1,0,0,0,0,0,13,0,0,0,0,0,0,0,0,0,0,0,0
K13_01_2,0,0,0,0,0,0,0,8,0,8,0,0,0,1,0,3,0,0,0,0,0,2,0,0,0,0,0,2,0,0,0,0,12,0,0,0,0,0,10,0,0,0,0,0,0,0,0,0,0,0,0,0,0,0,0,0,0,0,0,0,0,0,2,0,0,0,5,25,0,0,0,0,1,0,0,0,0,0,0,0,0,0,0,0,0,0,0,0,0,0,0
K13_01_3,0,0,0,0,0,0,0,13,0,0,0,0,0,0,0,0,0,0,0,0,0,0,0,0,0,0,0,1,0,0,0,1,60,0,0,0,0,0,2,0,1,2,0,0,0,0,0,4,0,0,0,0,0,0,0,0,0,0,0,0,0,0,0,0,0,0,0,0,0,5,0,0,2,1,0,0,0,0,1,0,0,1,0,0,0,0,0,0,0,0,0
K13_02_2,0,0,0,0,0,2,0,8,5,0,0,0,0,0,0,5,0,0,0,0,0,0,0,0,5,0,0,14,0,0,0,0,0,0,0,1,0,0,2,1,10,6,0,0,0,0,0,0,0,0,0,0,0,0,0,0,3,0,0,1,0,0,0,0,0,0,0,0,1,8,0,0,5,0,0,0,0,0,0,0,0,1,0,0,0,0,0,0,0,0,0
K13_02_3,0,0,0,0,0,0,0,1,11,0,0,0,0,0,0,0,48,0,0,0,0,0,0,0,0,0,0,24,0,0,0,1,5,0,0,0,0,0,0,0,2,3,0,0,0,0,0,0,0,0,0,0,0,0,0,0,1,0,0,2,0,0,2,0,0,0,0,0,0,21,0,0,5,0,1,0,0,0,0,0,0,0,0,0,0,0,0,0,0,0,0
K13_03_3,0,0,0,0,0,0,0,1,0,0,1,0,0,3,0,0,0,0,0,0,0,0,0,0,0,0,0,1,0,0,2,0,0,0,0,0,0,0,0,0,0,0,0,0,0,0,0,0,0,0,0,0,0,0,0,0,0,0,0,0,0,0,0,1,0,1,0,0,0,0,0,0,1,0,0,0,0,0,0,0,0,0,0,0,0,0,0,0,0,0,0
K13_04_1,0,0,0,0,1,0,0,0,5,0,0,0,0,0,0,0,5,0,0,0,0,0,0,2,7,0,0,6,0,0,0,0,0,0,0,0,0,0,0,3,0,0,0,0,0,0,0,0,0,0,0,0,0,0,0,0,0,0,0,1,0,0,1,0,0,0,0,0,0,7,0,0,3,0,0,0,0,0,0,0,0,8,0,0,0,0,0,0,0,0,0
K13_04_2,0,0,0,0,0,0,0,2,25,0,0,0,0,0,0,3,1,0,0,0,0,0,0,0,8,0,0,18,0,0,0,0,1,0,0,0,0,0,2,1,1,0,0,0,2,0,0,0,0,0,0,0,0,0,0,0,2,0,1,2,0,3,3,0,0,0,0,0,0,16,0,0,6,0,0,0,0,0,0,0,0,5,0,0,0,0,0,0,0,0,0
K13_04_3,0,0,0,0,2,0,0,0,23,5,0,0,0,0,0,3,20,0,0,0,0,0,0,1,8,0,0,14,0,0,0,0,5,0,0,0,0,0,0,3,0,1,0,12,2,0,0,0,0,0,0,0,0,0,0,0,0,0,0,1,0,2,6,0,0,0,1,4,0,13,0,0,5,0,1,0,0,1,0,0,0,1,0,0,0,0,0,0,0,0,0
K13_05_1,0,0,1,0,0,1,0,0,0,0,1,0,0,0,0,0,1,0,0,0,0,0,0,0,0,0,0,0,0,0,0,0,0,0,0,0,0,0,0,0,0,21,0,0,0,0,0,0,0,0,0,0,0,0,0,0,16,0,0,0,0,0,0,0,0,0,6,0,1,1,0,0,1,0,0,0,0,0,0,0,0,0,0,0,0,0,0,0,0,0,0
K13_05_2,0,0,0,0,0,0,1,0,0,4,0,0,0,0,0,0,0,0,0,0,0,0,0,0,0,0,0,0,0,0,1,0,0,0,0,0,0,0,0,2,0,25,0,0,0,0,0,1,0,0,0,0,0,0,0,0,2,0,0,0,0,0,0,0,0,0,1,0,0,0,0,0,1,0,0,2,0,0,0,0,0,0,0,0,0,0,0,0,0,0,0
K13_05_3,0,0,0,0,0,1,0,0,0,6,1,0,0,0,0,1,1,0,0,0,0,0,0,0,0,0,0,0,0,0,0,0,0,0,0,0,0,0,1,1,0,32,0,13,0,0,0,0,0,0,0,0,0,0,0,0,7,0,0,0,0,0,0,0,0,0,0,5,0,1,0,0,13,0,0,0,0,2,0,0,0,0,0,0,0,0,0,0,0,0,0
K13_06_1,0,0,0,0,0,0,3,3,0,6,0,0,0,1,0,5,1,0,0,0,0,1,0,1,0,0,0,0,0,0,2,5,0,0,0,2,0,0,0,0,0,63,0,380,0,0,0,7,0,0,0,0,0,0,0,0,2,0,0,0,0,0,0,0,0,0,1,17,0,0,0,0,3,0,0,0,0,0,0,0,0,2,0,1,0,0,0,0,0,0,0
K13_06_2,0,0,0,0,0,0,1,2,2,0,0,0,0,1,0,1,2,0,0,0,0,1,0,0,0,0,0,2,0,0,0,0,0,0,0,1,0,0,0,0,0,18,0,3,0,0,0,0,0,0,0,0,0,0,0,0,2,0,0,0,0,0,0,0,0,0,0,0,0,0,0,0,0,0,0,0,0,0,0,0,0,0,0,0,0,0,0,0,0,0,0
K13_06_3,0,0,7,0,0,0,1,2,0,1,0,6,0,1,0,1,1,0,0,0,0,0,0,0,0,0,0,3,0,0,0,0,0,0,0,2,0,0,1,0,0,41,0,5,0,0,0,0,0,0,0,0,0,0,0,0,2,0,0,0,0,1,0,0,3,0,0,31,0,0,0,0,4,0,0,0,0,0,0,0,0,0,0,0,0,0,0,0,0,0,0
K13_07_1,0,0,0,0,0,3,0,6,0,0,0,0,0,0,0,8,1,0,0,0,0,0,0,0,0,0,0,1,0,0,0,0,0,0,0,0,0,0,4,0,0,20,0,51,0,1,0,0,0,0,0,0,0,0,0,0,1,0,0,0,0,0,0,0,2,1,7,149,0,0,0,0,4,0,0,0,0,0,0,0,0,0,0,0,0,0,0,0,0,0,0
K13_07_2,0,0,0,0,0,2,0,0,1,9,0,0,0,0,7,11,1,0,0,0,0,0,0,0,0,0,0,5,0,0,0,0,0,0,0,1,0,0,2,0,0,14,0,3,0,0,0,1,0,0,0,0,0,0,0,1,14,0,0,0,0,0,0,0,23,0,5,6,0,0,0,0,1,0,0,0,0,0,0,0,0,0,0,1,0,0,0,0,0,0,0
K13_07_3,0,0,2,0,0,0,0,1,2,10,5,0,0,5,1,7,4,0,0,0,0,0,0,0,0,0,0,11,0,0,0,0,0,0,0,1,0,0,0,0,0,19,0,27,0,0,0,0,5,2,0,0,0,0,0,0,1,0,0,0,0,3,0,0,14,0,2,43,0,0,0,0,8,0,0,0,0,0,0,0,0,0,0,0,0,0,0,0,0,0,0
K13_08_1,0,0,0,0,0,1,0,0,0,0,0,0,1,0,0,0,2,0,0,0,0,0,0,0,0,0,0,3,0,0,0,2,0,0,0,0,0,0,0,1,0,4,0,5,2,0,0,1,0,0,0,0,0,0,0,0,3,0,0,0,0,0,0,0,0,0,2,4,0,3,0,0,2,0,0,0,0,0,0,0,0,0,0,0,0,0,0,0,0,0,0
K13_08_3,0,0,0,0,0,0,0,0,8,0,0,0,0,1,1,0,0,0,0,0,0,0,0,0,0,0,0,2,0,0,0,0,0,0,0,0,0,0,0,0,0,0,0,4,10,0,0,0,0,0,0,0,0,0,0,0,0,0,0,0,0,7,0,0,2,0,1,5,0,4,0,0,3,0,1,0,0,0,0,0,0,4,0,0,0,0,0,1,0,0,0
K13_09_1,0,0,0,0,0,0,0,0,5,0,0,0,0,0,0,1,4,0,0,0,0,0,0,0,0,0,0,4,0,0,0,0,0,1,0,0,0,0,0,2,0,0,0,0,1,0,0,0,0,0,0,0,0,0,0,0,1,0,0,0,0,0,0,0,0,0,0,0,0,14,0,0,5,0,0,0,0,3,0,0,0,0,0,0,0,0,0,0,0,0,0
K13_09_3,0,0,0,0,0,0,0,0,4,0,0,0,0,0,0,0,6,0,0,0,0,0,0,0,0,0,0,3,0,0,0,0,0,0,0,0,0,0,0,0,0,0,0,0,5,0,0,0,0,0,0,0,0,0,0,0,0,0,0,0,0,0,0,0,0,0,0,0,0,11,0,0,0,0,1,0,0,0,0,0,0,2,0,0,0,0,0,0,0,0,0
K13_10_1,0,0,0,0,0,0,0,4,4,0,0,0,0,0,0,4,0,0,0,0,0,0,0,3,0,0,0,1,0,0,0,1,0,0,0,0,0,0,0,0,0,8,0,18,2,0,0,0,0,0,0,0,0,0,0,0,0,0,0,0,0,1,0,0,0,0,0,0,0,24,0,0,15,0,0,0,0,3,0,0,0,0,0,0,0,0,0,0,0,0,0
K13_11_1,0,0,0,0,0,0,0,2,0,0,0,0,0,0,0,0,0,0,0,0,0,0,0,0,0,0,0,3,0,0,0,5,0,0,0,0,0,0,0,0,0,5,0,0,2,0,0,0,0,0,0,0,0,0,0,0,0,0,0,0,0,0,0,0,0,0,1,0,0,13,0,0,10,0,0,0,0,0,0,0,0,0,0,0,0,0,0,0,0,0,0
K13_11_2,0,0,0,0,0,0,0,6,0,1,0,0,0,21,0,0,0,0,0,0,0,0,0,0,0,0,0,0,0,0,0,5,3,0,0,0,0,0,1,0,0,53,0,0,0,0,0,26,0,0,0,0,0,0,0,0,13,0,0,0,0,0,0,0,0,0,0,0,0,0,0,0,9,0,0,0,0,0,0,0,0,1,0,0,0,0,0,0,0,0,0
K13_12_1,0,0,0,0,0,0,0,1,0,0,0,0,0,0,0,0,1,0,0,0,0,0,0,0,1,0,0,7,0,0,0,0,0,0,0,0,0,0,0,0,1,3,0,0,0,0,0,1,0,0,0,0,0,0,0,0,0,0,0,3,0,0,0,0,0,0,0,0,1,4,0,0,14,0,0,0,0,1,0,0,0,0,0,0,0,0,0,0,0,0,0
K13_12_2,0,0,0,0,0,0,0,4,2,7,0,0,0,1,0,0,1,0,0,0,0,1,0,0,2,0,0,11,0,0,0,1,0,0,0,0,0,0,1,0,2,9,0,0,0,0,0,1,0,0,0,0,0,0,0,0,0,0,0,4,0,1,0,0,4,0,0,14,2,17,0,0,27,0,0,0,0,1,0,0,0,1,0,0,0,0,0,0,0,0,0
K13_12_3,0,0,0,0,0,0,0,0,2,0,0,0,0,0,0,3,7,0,0,0,0,0,0,1,0,0,0,10,0,0,0,0,0,0,0,0,0,0,0,0,0,2,0,0,3,0,0,0,0,0,0,0,0,0,0,0,0,0,1,13,0,0,2,0,0,0,0,0,0,27,0,0,15,0,0,0,0,1,0,0,0,2,0,0,0,0,0,0,0,0,0
K13_13_1,0,0,0,0,0,0,0,1,0,6,0,0,0,0,6,1,2,0,0,0,0,0,0,0,0,0,0,0,0,0,0,1,0,0,0,0,0,0,0,0,0,0,0,0,0,0,0,1,0,0,1,0,0,0,0,0,0,0,0,0,0,0,2,0,3,0,2,14,0,0,0,0,3,0,0,0,0,0,0,0,0,0,0,0,0,0,0,0,0,0,0
K13_13_2,0,0,0,0,0,0,0,0,0,0,0,0,0,0,0,0,0,0,0,0,0,0,0,0,0,0,0,0,0,0,0,0,0,0,0,0,0,0,0,0,0,1,0,0,0,0,0,0,0,0,0,0,0,0,0,0,0,0,1,0,0,0,1,0,0,0,1,1,0,0,0,0,3,0,0,0,0,0,0,0,0,0,0,0,0,0,0,0,0,0,0
K13_13_3,0,0,0,0,0,1,0,3,0,12,0,0,0,2,2,2,0,0,0,0,0,0,0,0,0,0,0,0,0,0,0,0,0,0,0,4,0,0,0,0,0,2,0,0,0,0,0,15,0,0,0,0,0,0,0,0,1,0,0,0,0,0,0,0,0,0,0,0,0,0,0,0,9,0,0,0,0,0,0,0,0,0,0,0,0,0,0,0,0,0,0
K13_14_1,0,0,0,0,0,0,0,0,0,16,0,0,0,0,8,2,0,0,0,0,0,0,0,2,0,1,0,1,0,0,0,0,3,1,0,0,0,0,0,0,0,0,0,0,0,0,0,2,0,0,0,0,0,0,0,0,0,0,0,0,0,0,1,0,11,0,4,36,0,0,0,0,1,0,0,0,0,0,0,0,0,0,0,0,0,0,0,0,0,0,0
K13_14_2,0,0,0,0,0,0,0,6,0,4,0,0,0,0,0,4,0,0,0,0,0,0,0,1,0,0,0,0,0,0,0,0,0,0,0,1,0,0,2,0,0,1,0,0,0,0,0,3,0,0,0,0,0,0,0,0,0,0,0,0,0,0,0,0,1,0,0,9,0,0,0,0,0,0,0,0,0,0,0,0,0,0,0,0,0,0,0,0,0,0,0
K13_14_3,0,0,0,0,0,0,0,1,1,10,0,0,0,0,13,2,0,0,0,0,1,0,0,0,0,0,0,1,0,0,0,0,66,0,0,3,0,0,1,0,0,0,0,7,0,0,0,6,0,0,0,0,0,0,0,0,0,0,0,0,0,0,1,0,5,0,8,35,0,1,0,0,3,0,0,1,0,0,0,0,0,0,0,0,0,0,0,0,0,0,0
K13_15_1,0,0,0,0,0,0,0,1,0,0,0,0,0,0,0,0,1,0,0,0,0,0,0,1,0,0,0,4,0,0,0,0,1,1,0,0,0,0,1,0,0,3,0,1,0,0,0,1,0,0,0,0,0,0,0,0,0,0,0,1,0,0,0,0,2,0,7,42,0,2,0,0,9,0,0,0,0,1,0,0,1,0,0,0,0,0,0,0,0,0,0
K13_15_2,0,0,0,0,0,0,0,2,0,0,0,0,0,0,0,0,7,0,0,0,0,0,0,0,0,0,0,0,0,0,0,0,0,0,0,0,0,0,0,0,0,3,0,0,0,1,0,0,0,0,0,0,0,0,0,0,1,0,0,0,0,0,1,0,0,0,0,0,0,0,0,0,0,0,0,0,0,2,0,0,0,0,0,0,0,0,0,0,0,0,0
K13_15_3,0,0,0,0,3,1,0,1,1,4,0,0,0,2,3,5,2,0,0,0,0,0,0,1,0,0,0,8,0,0,0,0,0,0,0,1,0,1,1,0,0,14,0,1,0,0,0,5,0,0,0,0,0,0,0,0,3,0,0,1,0,4,0,0,5,0,13,179,0,2,0,0,6,0,0,0,0,5,0,0,1,1,0,0,0,0,0,0,0,0,0
K13_16_1,0,0,0,0,0,1,0,5,0,5,1,0,0,0,0,7,8,0,0,0,0,0,0,0,0,0,0,9,0,1,0,0,0,1,0,0,0,0,0,0,0,0,0,0,0,0,0,2,0,0,0,0,0,0,0,0,5,0,0,0,0,1,0,0,8,0,10,64,0,4,0,0,7,0,0,0,0,2,0,0,0,1,0,0,0,0,0,0,0,0,0
K13_16_2,0,0,0,0,0,1,0,9,0,2,0,0,0,0,0,6,8,0,0,0,0,0,0,0,0,0,0,0,0,0,1,0,0,0,0,0,0,0,2,0,0,2,0,18,0,0,0,0,0,0,0,0,0,0,0,0,0,0,0,0,0,2,0,0,7,0,1,21,0,0,0,0,2,0,0,0,0,0,0,0,0,0,0,0,0,0,0,0,0,0,0
K13_16_3,0,0,0,0,0,0,0,1,1,27,1,0,0,5,6,6,10,0,0,0,0,0,0,0,0,0,0,1,0,0,1,2,1,0,0,2,0,0,2,0,0,20,0,0,0,0,0,11,0,0,0,0,0,0,0,0,4,0,0,0,0,0,0,0,17,0,4,86,0,1,0,0,9,0,0,0,0,0,0,0,0,0,0,0,0,0,0,0,0,0,0
K13_17_1,0,0,0,1,0,0,0,3,0,11,0,0,0,0,0,1,1,0,0,0,0,0,0,0,0,0,0,11,0,0,0,0,0,1,0,0,0,0,0,0,0,2,0,0,2,0,0,0,0,0,0,0,0,0,0,0,0,0,0,2,0,0,0,0,1,0,0,18,0,2,0,0,0,0,0,0,0,2,0,0,0,0,0,0,0,0,0,0,0,0,0
K13_17_2,0,0,0,0,0,5,0,11,1,23,2,0,1,0,5,0,0,0,0,0,0,0,0,0,0,0,0,1,1,0,5,7,1,0,0,3,0,0,3,0,0,10,0,4,0,0,0,2,0,0,0,0,0,0,0,0,7,0,0,0,0,0,0,0,2,1,3,26,0,1,0,0,2,0,0,0,0,0,0,0,1,0,0,0,0,0,0,0,0,0,0
K13_17_3,0,0,0,0,0,0,0,1,0,3,0,0,1,0,0,0,5,0,0,0,0,0,0,0,0,0,0,2,0,0,1,2,0,0,0,6,0,1,7,0,0,0,0,0,0,0,0,0,0,0,0,0,0,0,0,0,3,0,0,0,0,0,0,0,0,0,0,0,0,0,0,0,0,0,0,0,0,0,0,0,0,0,0,0,0,0,0,0,0,0,0
K13_18_1,0,0,0,0,0,0,0,3,0,3,0,0,0,0,0,2,1,0,0,0,0,0,0,0,0,0,0,11,0,0,0,1,1,4,0,0,0,0,0,0,0,3,0,0,0,1,0,2,0,0,0,0,0,0,0,0,0,0,1,2,0,0,2,0,5,0,2,31,0,12,0,0,8,0,0,1,0,3,0,0,1,0,0,0,0,0,0,0,0,0,0
K13_18_2,0,0,1,0,0,1,0,0,0,1,0,0,0,1,0,0,0,0,0,0,0,0,0,0,0,0,0,1,0,0,0,0,0,0,0,0,0,0,1,0,2,2,0,0,1,0,0,2,0,0,0,0,0,0,0,0,3,0,0,0,0,1,0,0,0,0,3,4,2,1,0,0,5,0,0,0,0,0,0,0,0,0,0,0,0,0,0,0,0,0,0
K13_18_3,0,0,0,0,0,0,0,1,0,1,0,0,0,0,0,0,0,0,0,0,0,0,0,0,0,0,0,1,0,0,2,0,0,0,0,6,0,0,0,0,0,2,0,0,1,0,0,1,0,0,0,0,0,0,0,0,0,0,0,0,0,0,0,0,0,0,0,2,0,7,0,0,2,0,0,0,0,0,0,0,0,0,0,0,0,0,0,0,0,0,0
K13_19_1,0,0,0,0,0,0,0,0,0,5,0,0,0,1,0,0,5,0,0,0,0,0,0,0,0,0,0,25,0,0,0,0,0,2,0,0,0,0,0,0,0,0,0,0,1,0,0,0,0,0,0,0,0,0,0,0,0,0,0,0,0,1,1,0,17,0,8,60,0,7,0,0,8,0,0,0,0,2,0,0,0,1,0,0,0,1,0,0,0,0,0
K13_19_2,0,0,0,0,0,0,0,4,0,0,0,0,0,0,1,4,11,0,0,0,0,0,0,0,0,0,0,5,0,0,1,1,1,2,0,0,0,0,0,0,0,0,0,0,0,0,0,0,0,0,0,0,0,0,0,0,5,0,0,0,0,0,0,0,0,0,0,0,1,0,0,0,2,0,0,0,0,0,0,0,0,0,0,0,0,0,0,0,0,0,0
K13_19_3,1,0,0,0,0,1,1,0,0,1,0,0,0,3,1,16,28,0,0,0,0,0,0,0,0,0,0,8,0,0,0,1,0,0,0,2,0,0,1,0,0,4,0,3,0,2,0,2,0,0,0,0,0,0,0,0,6,0,0,0,0,0,0,0,0,0,1,3,0,2,0,0,2,0,0,0,0,0,0,0,0,0,0,0,0,1,0,0,0,0,0
K13_20_1,0,0,0,2,0,0,0,0,0,1,0,0,0,0,0,1,5,0,0,0,0,0,0,0,0,0,0,1,0,0,0,0,0,0,0,0,0,0,0,0,0,0,0,0,3,0,0,0,0,0,0,0,0,0,0,0,2,0,0,8,0,0,0,0,1,0,2,10,0,56,0,0,3,0,0,0,0,2,0,0,1,0,0,0,0,0,0,0,0,0,0
K13_20_2,0,0,0,0,0,0,0,1,0,3,0,0,0,0,0,1,0,0,0,0,0,0,0,0,0,0,0,1,0,0,1,0,0,0,0,0,0,0,5,0,4,6,0,27,1,0,0,1,0,0,0,0,0,2,0,0,1,0,0,1,0,0,0,0,0,0,1,29,2,33,0,0,7,0,0,0,0,0,0,0,0,0,0,2,0,0,0,0,0,0,0
K13_21_1,0,0,0,0,1,0,0,0,0,0,0,0,0,0,0,0,0,0,0,0,0,0,0,0,0,0,0,2,0,0,0,0,0,1,0,0,0,0,0,0,0,0,0,0,0,1,0,0,0,0,0,0,0,0,0,0,0,0,0,1,0,0,0,0,0,0,1,20,0,3,0,0,3,0,0,0,0,2,0,0,2,0,0,0,0,0,0,0,0,0,0
K13_21_2,1,0,0,0,0,1,0,8,1,3,0,1,0,0,0,4,6,0,0,0,0,0,0,2,0,0,0,1,0,0,0,0,1,0,0,1,0,0,4,0,0,0,0,0,0,0,0,0,0,0,0,0,0,0,0,0,3,0,0,0,0,0,1,0,0,0,1,15,0,0,0,0,4,0,0,0,0,0,0,0,0,0,0,0,0,0,0,0,0,0,0
K13_21_3,0,0,0,1,5,1,0,5,0,3,0,0,0,1,0,12,0,0,0,0,0,0,0,0,0,0,0,2,0,0,0,2,2,1,0,0,0,0,4,0,0,0,0,0,0,0,0,0,0,0,0,0,0,0,0,0,5,0,0,0,0,0,1,0,1,0,0,38,0,2,0,0,4,0,0,0,0,0,0,0,0,0,0,0,0,0,0,0,0,0,0
K13_22_1,0,0,0,0,0,2,0,0,0,1,1,0,0,0,0,3,2,0,0,0,0,0,0,0,0,0,0,1,0,0,0,0,0,0,0,0,0,0,1,0,0,0,0,0,0,0,0,0,0,0,0,0,0,0,0,0,0,0,0,0,0,0,0,0,0,0,11,46,0,2,0,0,2,0,0,0,0,0,0,0,0,2,0,0,0,0,0,0,0,0,0
K13_22_2,0,0,0,1,1,0,0,7,1,12,0,0,0,0,1,2,3,0,0,0,0,0,0,1,0,0,0,0,0,0,2,4,0,0,0,3,0,0,1,0,0,0,0,0,0,0,0,0,0,0,0,0,0,0,0,0,3,0,0,0,0,2,2,0,0,0,2,47,0,2,0,0,9,0,0,0,0,0,0,0,0,0,0,0,0,0,0,0,0,0,0
K13_22_3,0,0,0,2,10,1,0,4,2,3,0,0,0,0,1,18,0,0,0,0,0,1,0,2,0,0,0,6,0,0,0,1,0,0,0,0,0,0,1,0,0,1,0,0,1,0,0,0,0,0,0,0,0,0,0,0,6,0,0,0,0,0,3,0,0,0,3,38,1,7,0,0,9,0,0,0,0,0,0,0,2,1,0,0,0,0,0,0,0,0,0
K13_23_1,0,0,0,0,0,0,0,0,0,7,0,0,0,0,1,0,1,0,0,0,0,0,0,0,0,0,0,0,0,0,0,1,0,1,0,0,0,0,0,0,0,0,0,0,1,0,0,0,0,0,0,0,0,0,0,0,0,0,0,2,0,0,0,0,43,0,4,134,0,3,1,0,8,0,0,0,0,0,0,0,0,0,0,0,0,0,0,0,0,0,0
K13_23_2,0,0,0,0,2,0,0,5,0,9,0,0,0,0,0,5,1,0,0,0,0,0,0,0,0,0,0,1,0,0,0,2,0,2,0,0,0,0,4,0,0,0,0,0,0,0,0,1,0,0,0,0,0,0,0,0,1,0,0,1,0,2,0,0,0,0,6,46,0,6,0,0,5,0,0,0,0,1,0,0,0,0,0,0,0,1,0,0,0,0,0
K13_23_3,0,0,0,0,1,0,0,14,1,4,0,0,0,4,0,1,0,0,0,0,0,0,0,1,0,0,0,0,0,0,0,1,2,1,0,0,0,0,5,0,0,1,0,0,0,0,0,0,0,0,0,0,0,0,0,0,1,0,0,0,0,0,0,0,1,0,4,46,0,2,0,0,24,0,0,0,0,0,0,0,0,0,0,0,0,0,0,0,0,0,0
K13_24_1,0,0,0,1,2,0,0,4,0,0,0,0,0,0,0,1,0,0,0,0,0,0,0,0,0,0,0,3,0,0,0,0,0,2,0,0,0,0,0,0,0,4,0,0,0,3,0,0,0,0,0,0,0,0,0,0,0,0,0,2,0,0,2,0,0,1,5,84,0,6,0,0,2,0,0,0,0,0,0,0,0,0,0,0,0,0,0,0,0,0,0
K13_24_2,0,0,0,2,6,0,0,2,0,6,0,0,0,0,0,1,0,0,0,0,0,0,0,0,0,0,0,1,4,0,0,1,1,3,0,1,0,0,0,0,0,0,0,0,0,0,0,0,0,0,0,0,0,0,0,0,1,0,0,0,0,0,1,0,0,0,4,30,0,2,0,0,2,0,0,0,0,1,0,0,0,0,0,0,0,0,0,0,0,0,0
K13_24_3,0,0,1,1,0,1,0,7,1,12,0,0,0,2,5,3,0,0,0,0,0,0,0,0,0,0,0,1,2,0,0,0,3,0,0,1,0,0,2,0,0,4,0,0,0,0,0,0,0,0,0,0,0,0,0,0,3,0,0,0,0,1,1,0,1,0,2,61,0,0,0,0,5,0,0,0,0,2,0,0,2,0,0,0,0,0,0,0,0,0,0
K13_25_1,0,0,0,0,0,0,0,0,2,2,0,0,0,0,0,2,0,0,0,0,0,0,0,0,0,0,0,1,0,0,0,0,0,0,0,0,0,0,0,0,0,0,0,0,0,2,0,0,0,0,0,0,0,0,0,0,0,0,0,0,0,0,0,0,1,0,1,30,0,2,0,0,3,0,0,0,0,0,0,0,0,0,0,0,0,0,0,0,0,0,0
K13_25_2,0,0,0,1,4,0,0,3,2,1,0,0,1,0,0,0,2,0,0,0,0,0,0,0,0,0,0,1,0,0,0,1,0,1,0,0,0,0,3,0,0,0,0,0,0,1,0,0,0,0,0,0,0,0,0,0,2,0,0,0,0,0,3,0,0,0,0,11,0,13,0,0,4,0,0,0,0,2,0,0,1,1,0,0,0,0,0,0,0,0,0
K13_25_3,1,0,0,3,0,0,0,0,0,0,0,0,0,0,0,9,2,0,0,0,0,0,0,1,0,0,0,1,0,0,0,0,0,0,0,0,0,0,1,0,0,0,0,0,0,1,0,0,0,0,0,0,0,0,0,0,2,0,0,0,0,0,1,0,0,0,0,0,0,6,0,0,2,0,0,0,0,3,0,0,2,2,0,0,0,0,0,0,0,0,0
K14_01_1,0,0,0,0,0,0,0,0,0,0,0,0,0,0,3,3,1,0,0,0,0,5,0,0,1,0,0,0,0,0,0,0,4,0,0,0,0,0,0,0,0,0,0,2,0,0,0,0,0,0,0,0,0,0,0,0,0,0,0,0,0,0,0,0,0,0,2,14,0,0,0,0,2,0,0,0,0,0,0,0,0,0,0,0,0,0,0,0,0,0,0
K14_01_3,0,0,0,0,1,0,0,2,0,0,0,0,0,0,0,2,1,0,0,0,0,1,0,0,0,0,0,0,0,0,0,0,33,0,0,0,0,0,1,0,0,0,0,0,0,0,0,1,0,0,0,0,0,0,0,0,0,0,0,0,0,1,1,0,0,1,0,1,0,0,0,0,0,1,0,0,0,0,0,0,0,0,0,0,0,0,0,0,0,0,0
K14_02_1,0,0,0,0,0,0,0,3,0,3,0,11,0,1,6,2,5,0,0,0,0,0,0,0,4,0,0,2,0,0,0,0,28,0,0,2,0,0,1,0,4,0,0,18,0,0,7,0,0,0,0,0,0,0,0,0,3,0,6,0,0,0,1,0,10,0,9,80,0,0,0,0,11,0,0,0,0,0,0,0,0,8,0,0,0,0,0,0,0,0,0
K14_02_2,0,0,0,0,0,0,1,0,0,6,0,5,0,0,4,1,5,0,0,0,0,0,0,0,0,0,0,3,0,0,1,4,0,0,0,3,0,0,3,2,50,0,0,8,0,0,9,0,0,0,0,0,0,0,0,1,6,0,0,0,0,0,0,0,0,0,0,18,6,5,0,0,3,0,0,0,0,0,0,0,0,2,0,0,0,0,0,0,1,1,0
K14_02_3,0,0,0,0,1,0,0,0,0,1,0,0,0,0,9,1,15,0,0,0,0,1,0,0,10,0,0,26,0,0,0,0,0,0,1,0,0,0,0,0,1,0,0,2,2,0,4,1,0,0,0,0,0,0,0,4,3,0,2,0,0,5,1,0,2,0,0,49,0,80,0,0,24,0,0,0,0,1,0,0,0,2,0,0,0,0,2,0,0,0,0
K14_03_1,0,0,0,0,0,0,0,1,0,3,0,0,0,0,1,0,1,0,0,0,0,0,0,0,2,0,0,1,0,0,1,0,0,0,0,0,0,0,1,2,0,0,0,4,0,0,11,0,0,0,0,0,0,0,0,0,2,0,0,1,0,0,0,0,2,0,12,30,0,1,0,0,2,0,0,0,0,0,0,0,0,0,0,0,0,1,0,0,0,0,0
K14_03_3,0,0,1,0,1,0,0,0,1,2,0,0,0,1,1,2,5,0,0,0,0,4,0,0,6,0,0,13,0,0,0,0,1,0,0,1,0,0,0,0,0,0,0,13,0,0,2,0,0,0,0,0,0,0,0,0,2,0,0,0,0,0,7,0,0,0,0,8,0,21,0,0,10,0,0,0,0,2,0,0,0,1,0,0,0,0,0,0,0,0,0
K14_04_1,0,0,0,1,0,1,0,4,0,7,0,0,0,0,0,6,3,0,0,1,0,0,0,0,3,0,0,3,0,0,0,2,4,0,0,0,0,0,0,2,0,0,0,14,0,1,10,0,0,0,0,0,0,0,0,0,3,0,0,0,0,0,4,0,8,0,12,72,0,1,0,0,3,0,0,0,0,0,3,0,0,1,0,0,0,0,0,0,0,0,0
K14_04_3,0,0,0,3,0,0,0,1,9,1,0,0,0,1,1,3,13,0,0,0,0,0,0,0,3,0,0,10,0,0,0,0,0,0,0,0,0,0,0,0,0,0,0,10,0,1,12,0,0,0,0,0,0,0,0,0,7,0,0,0,0,1,14,0,2,0,0,34,0,23,0,0,14,0,0,0,0,0,0,0,2,4,0,0,0,0,0,1,0,0,0
K14_05_1,0,0,0,0,0,0,0,2,0,0,2,0,0,0,0,2,3,0,0,0,0,0,0,0,0,0,0,1,0,0,4,0,0,0,0,0,0,0,2,2,0,0,0,8,0,0,41,0,0,0,0,0,0,0,0,0,19,0,0,0,0,0,0,0,0,0,3,21,0,0,0,0,0,0,0,0,0,0,0,0,0,0,0,0,0,0,0,0,0,0,0
K14_05_3,0,0,0,0,0,1,0,1,1,0,0,0,0,0,0,2,3,0,0,0,0,0,0,0,0,0,0,3,0,0,0,0,0,0,0,0,0,0,0,0,0,0,0,3,0,0,2,0,0,0,0,0,0,0,0,0,3,0,0,0,0,7,0,0,0,0,0,13,0,1,0,0,4,0,0,0,0,0,0,0,1,1,0,0,0,0,0,0,0,0,0
K14_06_1,0,0,0,0,0,0,0,5,0,1,1,0,0,0,0,2,3,0,0,0,0,0,0,0,0,0,0,0,0,0,0,2,0,0,0,1,0,0,0,5,0,0,0,1,0,0,40,0,0,0,0,0,0,0,0,0,3,0,0,0,0,0,0,0,0,0,4,29,0,1,0,0,3,0,0,0,0,0,0,0,0,0,0,0,0,0,0,0,0,0,0
K14_06_3,0,0,0,1,0,5,0,2,0,1,2,0,0,1,0,3,2,0,0,0,0,0,0,0,0,0,0,11,0,0,0,0,0,0,0,0,0,0,3,1,0,0,0,9,0,0,16,0,0,0,0,0,0,0,0,0,1,0,0,0,0,4,0,0,0,0,0,62,0,3,0,0,3,0,0,0,0,1,0,0,1,0,0,0,0,0,0,0,0,0,0
K14_07_1,0,0,0,0,0,0,0,0,0,0,0,0,0,0,0,5,3,0,0,0,0,0,0,0,0,0,0,7,0,0,0,0,0,0,0,0,0,0,0,11,0,0,0,1,0,0,7,0,0,0,0,0,0,0,0,0,5,0,0,0,0,0,0,0,1,0,5,41,0,0,0,0,4,0,0,0,0,0,0,0,0,0,0,0,0,0,0,0,0,0,0
K14_07_3,0,0,0,0,1,0,0,0,0,0,0,0,0,0,0,14,7,0,0,0,0,0,0,0,0,0,0,8,0,0,0,0,0,0,0,0,0,0,0,0,0,0,0,1,0,0,1,0,0,0,0,0,0,0,0,0,1,0,0,0,0,2,0,0,0,0,0,3,0,1,0,0,1,0,0,0,0,0,0,0,0,0,0,0,0,0,0,0,0,0,0
K14_08_1,0,0,0,0,0,0,0,0,3,6,0,0,0,0,3,0,1,0,0,0,0,0,0,0,0,0,0,8,1,0,0,0,0,0,2,0,0,0,0,2,0,0,0,1,4,1,9,0,4,0,0,0,0,0,1,0,12,0,0,1,0,14,0,0,2,0,4,49,0,2,0,0,23,0,0,0,0,1,0,0,0,0,0,0,0,1,0,0,0,0,0
K14_08_3,0,0,0,1,0,0,0,0,2,1,0,0,0,0,0,3,5,0,0,0,0,0,0,0,2,0,0,11,0,0,0,0,0,0,0,0,0,0,0,2,0,0,0,1,1,0,3,0,0,0,0,0,0,0,0,0,1,0,0,0,0,0,0,0,2,0,0,6,0,20,0,0,11,0,0,0,0,0,0,0,1,6,0,0,0,0,0,0,0,0,0
K14_09_1,0,0,3,0,0,0,0,0,1,1,0,2,0,0,0,2,4,0,0,0,0,0,0,0,0,0,0,4,0,0,0,0,0,0,0,0,0,0,0,2,0,0,0,0,2,0,0,0,0,0,0,0,0,0,0,0,0,0,0,0,0,3,0,0,0,0,1,19,0,8,0,0,9,0,0,0,0,0,0,0,0,0,0,0,0,0,0,0,0,0,0
K14_09_2,0,0,6,0,0,0,0,0,7,3,0,0,0,1,0,1,7,0,0,0,0,0,0,1,0,0,0,8,0,0,0,0,0,0,2,0,0,0,0,6,0,0,0,17,5,0,0,0,0,0,0,0,0,0,0,0,1,0,0,1,0,0,0,0,3,0,0,14,0,17,0,0,25,0,0,0,0,0,0,0,1,0,0,0,0,0,0,0,0,0,0
K14_09_3,0,0,0,0,0,0,0,0,4,0,0,0,0,0,0,9,13,0,0,0,0,0,0,1,1,0,0,16,0,0,0,0,0,0,0,0,0,0,0,1,0,0,0,0,1,0,0,0,0,0,0,0,0,0,0,0,1,0,0,0,0,6,0,0,0,0,0,0,0,25,0,0,10,0,0,0,0,2,0,0,0,2,0,0,0,0,0,0,0,0,0
K14_10_1,0,0,0,0,0,0,0,1,7,0,0,0,0,0,0,6,0,0,0,0,0,1,0,0,0,0,0,12,0,0,0,0,0,0,0,0,0,0,0,0,0,0,0,0,0,0,0,0,0,0,0,0,0,0,0,0,0,0,0,0,0,0,0,0,0,0,1,3,0,20,0,0,10,0,0,0,0,6,0,0,2,1,0,0,0,0,0,0,0,0,0
K14_10_2,0,0,7,0,0,2,0,10,1,4,0,0,0,0,0,1,1,0,0,0,0,0,0,0,0,0,0,2,0,0,0,1,9,0,0,8,0,0,4,0,1,0,0,41,1,0,10,1,1,0,0,0,0,0,0,0,4,0,0,0,0,2,0,0,5,1,0,38,0,4,0,0,19,0,0,6,0,0,0,0,0,0,0,0,0,0,0,0,0,0,0
K14_10_3,0,0,2,0,0,1,0,3,2,1,0,0,0,1,0,1,1,0,0,0,0,0,0,1,0,0,0,7,0,0,0,1,10,0,1,0,0,0,0,2,0,0,0,45,0,0,1,0,0,0,0,0,0,0,0,0,5,0,0,0,0,1,0,0,4,0,0,24,0,14,0,0,19,0,0,0,0,0,0,0,1,1,0,0,0,0,0,0,0,0,0
K14_11_1,0,0,0,0,2,0,0,0,0,8,0,0,0,0,1,1,2,0,0,0,0,1,0,1,0,3,0,1,0,0,0,1,0,0,0,0,0,0,0,2,0,0,0,4,1,0,3,0,0,0,0,0,0,0,0,0,6,0,0,0,3,1,1,0,6,0,6,68,0,2,0,0,5,0,0,0,0,2,0,0,3,0,0,0,0,0,0,0,0,0,0
K14_11_2,0,0,1,0,0,0,2,3,1,10,0,0,0,0,1,0,0,0,0,0,1,0,0,0,0,0,0,1,0,0,1,1,6,0,0,23,0,0,5,1,6,0,0,17,0,0,8,1,0,0,0,0,0,0,0,0,12,0,0,0,0,8,0,0,16,0,0,143,1,1,0,0,20,0,0,10,0,0,0,0,0,0,0,0,0,0,0,0,0,0,0
K14_11_3,0,0,1,0,0,0,1,0,0,4,0,0,0,0,0,1,1,0,0,0,1,0,0,0,1,0,0,8,0,0,0,2,0,0,0,0,0,0,0,2,0,0,0,56,0,0,2,0,0,0,0,0,0,0,0,1,4,0,0,0,0,1,0,0,24,0,0,94,0,11,0,0,21,0,0,0,0,0,0,0,4,0,0,0,0,0,0,0,0,0,0
K14_12_1,0,0,1,0,0,0,0,0,0,6,0,3,0,0,2,0,0,0,0,0,0,0,0,0,0,1,0,0,0,0,0,0,0,0,0,0,0,0,0,0,0,0,0,0,0,0,1,3,0,0,0,0,0,0,0,0,2,0,0,0,0,0,0,0,12,0,1,29,3,2,0,0,7,0,0,0,0,0,0,0,0,0,0,0,0,0,0,0,0,0,0
K14_12_2,0,0,2,0,0,0,1,0,0,1,0,0,0,1,0,7,1,0,0,0,0,0,0,1,1,0,0,4,0,0,0,2,1,0,0,1,0,0,0,1,1,0,0,0,0,0,9,1,0,0,0,0,0,0,0,1,0,0,0,2,0,1,0,0,0,0,0,95,12,3,0,0,20,0,0,0,0,1,0,0,0,0,0,0,0,0,0,0,0,0,0
K14_12_3,0,0,5,0,0,1,4,1,3,9,0,0,0,0,10,7,5,0,0,0,2,0,0,0,6,0,0,2,0,0,0,12,9,0,0,12,0,0,0,1,1,0,0,5,0,0,11,1,0,0,0,0,1,0,0,0,4,0,1,1,0,11,0,0,20,0,0,112,0,4,0,0,18,0,0,3,0,0,0,0,0,1,0,0,0,0,0,0,0,0,0
K14_13_1,0,0,0,0,0,0,0,2,0,8,0,0,0,0,1,2,1,0,0,0,0,0,0,0,0,0,0,1,0,0,0,0,3,0,0,2,0,0,2,0,0,0,0,0,0,0,0,1,0,0,0,0,1,0,0,0,0,0,0,0,0,0,0,0,9,0,10,43,0,0,0,0,4,0,0,0,0,1,0,0,0,3,0,0,0,0,0,0,0,0,0
K14_13_2,0,0,0,1,0,1,0,0,1,2,0,0,0,0,1,3,0,0,0,0,2,0,0,0,0,0,0,3,0,0,1,1,2,0,0,2,0,0,3,0,0,0,0,0,0,0,0,0,0,0,0,0,0,0,0,1,0,0,0,0,0,0,0,0,0,0,0,19,0,1,0,0,2,0,0,0,0,0,0,0,1,0,0,0,0,0,0,0,0,0,0
K14_13_3,0,0,0,0,0,0,1,1,0,2,0,0,0,2,15,0,0,0,0,0,0,0,0,0,0,0,0,0,0,0,0,0,9,0,0,19,0,0,0,0,0,0,0,1,0,0,0,3,0,0,0,0,0,0,0,0,0,0,0,2,0,0,0,0,2,0,0,12,0,0,0,0,8,0,0,0,0,3,0,0,0,0,0,0,0,0,0,0,0,0,0
K14_14_1,0,0,0,0,0,0,0,1,0,6,0,0,0,0,2,5,2,0,0,0,0,0,0,0,0,0,0,2,0,0,0,0,0,0,0,2,0,0,0,0,0,0,0,2,0,0,0,1,0,0,0,0,0,0,0,0,0,0,0,0,0,0,4,0,5,0,6,93,0,0,0,0,1,0,0,0,0,1,0,0,0,0,0,0,0,1,0,0,0,0,0
K14_14_3,0,0,1,0,0,0,0,1,0,0,0,0,0,1,21,10,0,0,0,0,0,0,0,1,0,0,0,3,0,0,0,0,6,0,0,14,0,0,0,0,1,0,0,0,0,0,1,3,0,0,0,0,0,0,0,0,0,0,0,0,0,0,0,0,4,1,0,55,1,2,0,0,5,0,0,0,0,1,0,0,3,1,0,0,0,0,0,0,0,0,0
K14_15_1,0,0,0,0,0,0,0,0,0,0,0,0,0,0,1,0,0,0,0,0,0,0,0,0,0,0,0,0,0,0,0,0,0,0,0,0,0,0,0,0,0,0,0,0,0,0,0,0,0,0,0,0,0,0,0,0,0,0,0,0,0,0,1,0,0,0,0,1,0,0,0,0,0,0,0,0,0,3,0,0,2,0,0,0,0,0,0,0,0,0,0
K14_15_2,0,0,0,0,1,0,0,1,0,2,0,0,0,0,0,5,0,0,0,0,0,0,0,0,0,0,0,2,0,0,0,0,0,0,0,1,0,0,2,0,0,0,0,0,0,5,14,0,0,0,0,0,0,0,0,1,0,0,0,0,0,0,1,0,0,0,0,65,0,0,0,0,1,0,0,0,0,0,0,0,3,2,0,0,0,0,0,0,0,0,0
K14_15_3,0,0,0,0,0,0,0,0,0,1,0,0,0,0,0,0,1,0,0,0,0,0,0,0,0,0,0,5,0,0,0,0,0,0,0,2,0,0,3,0,0,0,0,0,0,0,0,0,0,0,0,0,0,0,0,0,0,0,0,0,0,0,0,0,3,0,0,23,0,5,0,0,3,0,0,0,0,1,0,0,16,0,0,0,0,0,0,0,0,0,0
K14_16_1,0,0,0,0,0,0,0,1,0,11,0,0,0,0,7,4,5,0,0,0,0,0,0,1,0,0,0,0,0,0,0,1,0,0,0,1,0,0,1,0,0,0,0,3,0,0,12,2,0,0,0,0,0,0,0,0,4,0,0,0,0,0,0,0,10,0,9,36,0,1,0,0,4,0,0,0,0,0,0,0,0,0,0,0,0,0,0,0,0,0,0
K14_16_3,0,0,0,0,0,0,0,1,0,5,0,0,0,1,1,5,4,0,0,0,0,0,0,1,0,0,0,14,0,0,0,0,0,0,0,0,0,0,1,0,0,0,0,0,0,1,2,0,0,0,0,0,0,0,0,0,0,0,0,1,0,1,0,0,14,0,0,47,0,9,0,0,4,0,0,0,0,6,0,0,0,0,0,0,0,0,0,0,0,0,0
K14_17_1,0,0,1,0,0,4,0,1,0,36,1,27,0,0,3,1,2,0,0,0,0,0,0,1,0,0,0,16,0,0,1,0,0,0,0,3,0,0,2,0,0,0,0,59,0,0,7,1,0,0,0,0,0,0,0,0,6,0,0,0,0,0,1,0,10,3,7,32,1,10,0,0,5,0,0,0,0,6,0,0,0,1,0,0,0,0,0,0,0,0,0
K14_17_3,0,0,0,1,0,1,0,1,0,5,0,0,0,0,0,2,3,0,0,0,0,0,0,0,0,0,0,21,0,0,1,0,0,0,0,0,0,0,3,0,0,0,0,0,2,4,1,0,0,0,0,0,0,0,0,0,3,0,0,0,0,0,0,0,2,0,0,10,0,12,0,0,1,0,0,0,0,4,0,0,13,0,0,0,0,0,0,0,0,0,0
K14_18_1,0,0,2,0,0,0,0,0,1,0,0,0,0,0,0,0,3,0,0,0,0,0,0,0,0,0,0,26,0,0,0,0,0,0,0,5,0,0,3,0,1,0,0,0,1,0,0,0,0,0,0,0,0,0,0,0,3,0,0,1,0,0,0,0,4,0,1,16,1,24,0,0,9,0,0,0,0,2,0,0,0,0,0,0,0,0,0,0,0,0,0
K14_18_3,0,0,0,0,0,0,0,0,1,0,0,0,0,1,0,3,11,0,0,0,0,0,0,0,0,0,0,25,0,0,1,0,0,0,0,0,0,0,1,0,0,0,0,0,0,1,0,0,0,0,0,0,0,0,0,0,1,0,0,2,0,0,0,0,0,0,0,0,0,37,0,0,3,0,0,0,0,8,0,0,14,2,0,0,0,0,0,0,0,0,0
K14_19_1,0,0,0,0,0,14,2,0,2,4,0,0,0,1,2,2,5,0,0,0,0,0,0,0,0,0,0,13,0,0,1,0,0,0,0,19,0,0,0,0,11,0,0,49,0,1,4,0,0,0,0,0,0,0,0,0,3,0,0,0,0,0,0,0,71,0,24,61,1,21,0,0,8,0,0,0,0,0,0,0,0,2,1,0,0,0,0,0,0,0,0
K14_19_3,0,0,0,0,0,0,0,0,0,7,0,0,0,0,0,3,38,0,0,0,0,0,0,0,0,0,0,19,0,0,0,0,0,0,0,4,0,0,1,0,0,0,0,0,2,1,0,0,0,0,0,0,0,0,0,0,0,0,0,0,0,1,0,0,37,0,0,16,0,21,0,0,5,0,0,0,0,1,0,0,6,1,0,0,0,0,0,0,0,0,0
K14_20_3,0,0,2,0,0,0,0,0,0,0,0,0,0,0,0,0,7,0,0,0,0,0,0,0,0,0,0,1,0,0,2,0,0,0,0,0,0,0,0,0,1,0,0,0,22,1,0,0,0,0,0,0,0,0,0,0,1,0,0,9,0,0,0,0,0,0,0,0,0,56,0,0,3,0,0,0,0,0,0,0,0,0,0,0,0,0,0,0,0,0,0
K14_21_1,0,0,0,1,1,2,0,10,2,2,0,0,0,0,2,4,8,0,0,0,0,3,0,1,0,0,0,5,0,0,0,0,0,0,0,4,0,0,1,0,2,0,0,2,0,3,9,0,0,0,0,0,0,0,0,0,2,0,0,0,0,0,3,0,33,0,2,26,0,12,0,0,2,0,0,0,0,2,0,0,1,0,0,0,0,0,0,0,0,0,0
K14_21_3,0,0,0,0,5,2,0,23,0,6,0,0,2,0,4,4,4,0,0,0,0,0,0,0,0,0,0,8,0,0,0,0,1,0,0,3,0,0,7,0,1,0,0,5,0,3,2,0,0,0,0,0,0,0,0,0,7,0,0,0,0,0,1,0,14,3,0,37,0,7,0,0,3,0,0,0,0,1,0,0,0,0,0,0,0,0,0,0,0,0,0
K14_22_1,0,0,0,0,1,0,1,4,0,8,0,0,0,0,3,3,6,0,0,0,0,0,0,1,0,0,0,3,0,0,3,0,0,1,0,6,0,0,5,0,0,0,0,1,0,6,1,0,0,0,0,0,0,0,0,0,3,0,0,1,0,0,0,0,0,0,2,30,0,2,0,0,10,0,0,0,0,5,0,0,1,0,0,0,0,0,0,0,0,0,0
K14_22_3,0,0,0,0,1,0,1,1,0,8,0,0,0,0,4,4,1,0,0,0,0,0,0,2,0,0,0,6,0,0,1,0,0,0,0,1,0,0,0,0,1,0,0,1,1,0,0,1,0,0,0,0,0,0,0,0,0,0,0,0,0,1,1,0,3,0,0,12,0,10,0,0,7,0,0,0,0,2,0,0,1,0,0,0,0,0,0,0,0,0,0
K14_23_1,0,0,0,0,0,0,0,0,0,0,0,0,0,0,0,1,0,0,0,0,0,0,0,2,0,0,0,0,0,0,0,0,0,0,0,0,0,0,1,0,0,0,0,0,0,2,0,0,0,0,0,0,0,0,0,0,0,0,0,1,0,0,0,0,0,0,0,4,0,19,0,0,3,0,0,0,0,1,0,0,1,0,0,0,0,0,0,0,0,0,0
K14_23_2,0,0,0,1,1,0,1,0,1,10,0,0,1,5,1,0,1,0,0,0,0,0,0,0,0,0,0,2,1,0,0,0,1,0,0,0,0,0,2,0,0,0,0,0,0,0,0,0,0,0,0,0,0,0,0,3,4,0,0,1,0,1,0,0,3,0,0,77,0,1,0,0,0,0,0,0,0,3,0,0,1,0,0,0,0,0,0,0,0,0,0
K14_23_3,0,1,0,0,0,0,0,1,0,1,0,0,0,0,1,1,1,0,0,0,0,0,0,0,0,0,0,0,0,0,1,0,0,0,0,6,0,0,0,0,0,0,0,0,0,1,0,0,0,0,1,0,0,0,0,0,2,0,0,0,0,0,1,0,0,0,0,10,0,1,0,0,22,0,0,0,0,1,0,0,0,0,0,0,0,0,0,0,0,0,0
K14_24_1,0,0,1,1,4,0,0,3,0,0,0,0,1,0,0,13,1,0,0,0,0,0,0,0,0,0,0,2,0,0,1,0,0,0,0,5,0,0,3,0,0,0,0,0,0,1,0,0,0,0,0,0,0,0,0,0,2,0,0,0,0,0,0,0,0,0,0,22,0,1,0,0,0,0,0,0,0,1,0,0,0,0,0,0,0,0,0,0,0,0,0
K14_24_2,0,0,0,1,0,0,0,2,0,4,0,0,0,2,1,2,0,0,0,0,0,0,0,0,0,0,0,0,0,0,2,0,0,0,0,0,0,0,1,0,0,0,0,0,0,1,0,0,0,0,0,0,0,0,0,0,0,0,0,0,0,0,2,0,0,0,0,17,0,1,0,0,1,0,0,0,0,1,0,0,0,0,0,0,0,0,0,0,0,0,0
K14_24_3,0,0,0,0,0,5,0,1,0,94,0,0,2,0,4,1,0,0,0,0,0,0,0,0,0,0,0,8,0,0,0,0,1,0,0,2,0,0,8,0,0,0,0,0,1,2,0,0,0,0,1,0,0,0,0,0,0,0,0,0,0,0,0,0,2,7,0,0,0,2,0,0,3,0,0,0,0,0,0,0,0,0,0,0,0,0,0,0,0,0,0
K15_01_1,0,0,0,0,0,1,0,1,0,9,0,0,0,0,3,3,1,0,0,0,0,0,0,2,2,0,0,7,0,0,0,0,0,0,0,0,0,0,2,0,0,0,0,3,0,0,0,0,0,0,0,0,0,0,0,1,0,0,0,0,0,0,0,0,1,0,0,11,0,0,0,0,0,10,0,0,0,0,0,0,0,0,0,0,0,2,0,0,0,0,0
K15_01_3,0,0,0,0,0,1,1,8,0,3,0,0,0,2,1,0,0,0,0,0,0,0,0,0,1,0,0,0,0,0,0,0,48,0,0,1,0,0,8,0,1,0,0,0,0,0,2,1,0,0,0,0,0,0,0,0,1,0,0,0,0,1,1,0,1,0,0,0,0,0,0,0,2,14,0,0,0,0,0,0,0,0,0,0,0,0,0,0,0,0,0
K15_02_2,0,0,0,0,0,1,0,5,2,0,0,0,0,0,0,0,0,0,0,0,0,1,0,1,2,0,0,6,0,0,0,9,0,0,0,0,0,0,3,0,41,0,0,6,4,0,6,0,0,0,0,0,0,0,0,0,0,0,0,2,0,0,0,0,0,0,0,1,5,44,0,0,7,0,0,0,0,0,0,0,0,0,0,0,0,0,0,0,0,0,0
K15_02_3,0,0,2,0,0,1,1,1,0,0,0,0,0,5,0,1,2,0,0,0,0,0,0,0,0,0,0,16,0,0,0,5,3,0,0,6,0,0,3,0,64,0,0,7,11,0,8,0,0,0,0,0,0,0,0,0,1,0,0,0,0,12,0,0,0,0,0,13,2,39,0,3,10,0,0,0,0,1,0,0,0,0,0,0,0,0,0,0,0,0,0
K15_03_2,0,0,0,0,0,0,2,7,0,7,0,0,0,0,3,0,1,0,0,0,0,0,0,0,0,0,0,0,0,0,5,37,0,0,0,0,0,0,2,0,38,0,0,30,0,0,15,0,0,0,0,0,0,0,0,0,0,0,0,0,0,0,0,0,6,0,0,10,2,1,0,0,0,0,0,0,0,0,0,0,0,0,0,0,0,0,0,0,0,0,0
K15_04_2,0,0,3,0,0,3,3,2,3,1,0,0,0,1,0,6,4,0,0,0,0,1,0,3,4,0,0,4,1,0,0,0,0,0,0,4,0,0,2,3,90,0,0,82,4,0,10,0,0,0,0,0,0,0,0,0,0,0,0,4,0,0,1,0,19,0,0,11,25,19,0,0,2,0,0,0,0,0,0,0,0,6,0,0,0,1,2,0,0,0,0
K15_05_1,0,0,0,0,0,0,0,2,0,0,0,0,0,0,1,4,1,0,0,0,0,0,0,0,0,0,0,5,0,0,4,7,0,0,0,0,0,0,3,3,0,0,0,1,2,0,12,0,0,0,0,0,0,0,0,0,5,1,0,0,0,0,0,0,0,0,0,7,0,1,0,0,0,0,0,0,0,0,0,0,0,0,0,0,0,0,0,0,0,0,0
K15_05_3,0,0,3,0,0,0,3,2,0,1,0,0,0,0,0,1,0,0,0,0,0,0,0,0,0,0,0,1,0,0,1,2,1,0,0,5,0,0,0,0,0,0,0,6,3,0,1,0,0,0,0,0,0,0,0,0,1,0,0,0,0,0,0,0,3,0,0,0,1,0,0,0,2,0,0,0,0,0,0,0,0,0,0,0,0,0,0,0,0,0,0
K15_06_1,0,0,0,0,0,0,0,2,0,0,1,0,0,0,0,4,1,0,0,0,0,0,0,0,0,0,0,1,0,0,0,0,0,0,0,3,0,0,7,0,0,0,0,0,0,0,13,0,0,0,0,0,0,0,0,0,1,0,0,0,0,0,0,0,0,0,0,12,0,0,0,0,0,0,0,0,0,0,0,0,0,0,0,0,0,0,0,0,0,0,0
K15_06_3,0,0,2,0,0,3,2,14,0,5,0,0,0,0,2,0,3,0,0,0,0,0,0,0,0,0,0,2,0,0,0,10,0,0,1,12,0,0,2,0,0,0,0,33,2,0,49,1,0,0,0,0,0,0,0,0,15,0,0,0,0,0,0,0,5,0,0,8,1,0,0,0,13,0,0,0,0,0,0,0,0,1,0,0,0,0,0,0,0,0,0
K15_07_1,0,0,0,0,0,0,0,0,0,0,0,0,0,0,2,2,1,0,0,0,0,0,0,0,0,0,0,4,0,0,0,0,0,0,0,0,0,0,0,2,0,0,0,0,0,0,1,0,0,0,0,0,0,0,0,0,0,0,0,0,0,0,0,0,0,0,0,27,0,0,0,0,1,0,0,0,0,1,0,0,0,0,0,0,0,0,0,0,0,0,0
K15_07_3,0,0,0,0,0,0,0,0,0,1,0,0,0,0,2,5,14,0,0,0,0,0,0,1,1,0,0,10,0,0,0,2,2,0,0,0,0,0,1,0,1,0,0,35,0,0,4,0,0,0,0,0,0,0,0,0,7,0,0,0,0,1,0,0,9,1,0,28,0,4,0,0,2,0,0,0,0,0,0,0,0,0,0,0,0,0,0,0,0,0,0
K15_08_1,0,0,0,0,0,0,0,0,1,0,0,0,1,0,0,0,1,0,0,0,0,0,0,1,0,0,0,3,0,0,0,0,0,0,0,0,0,0,0,6,0,0,0,0,2,0,1,0,0,0,0,0,0,0,0,0,0,0,0,0,0,0,0,0,0,0,0,1,0,24,0,0,1,0,0,0,0,2,0,0,2,0,0,0,0,0,1,0,0,0,0
K15_08_3,0,0,18,0,1,0,0,6,0,1,0,0,0,0,1,1,4,0,0,0,0,0,0,1,0,0,0,6,0,0,0,2,0,0,0,4,0,0,0,9,1,0,0,10,3,0,0,0,0,0,0,0,2,0,0,0,1,0,0,1,0,6,0,0,1,0,0,4,2,12,0,0,6,0,2,0,0,0,0,0,0,3,0,0,0,0,0,0,0,0,0
K15_09_1,0,0,0,0,0,0,0,0,2,0,0,0,1,0,0,5,3,0,0,0,0,5,0,0,1,0,0,11,0,0,0,1,0,0,1,0,0,0,0,3,0,0,0,2,0,0,0,0,0,0,0,0,0,0,0,0,0,0,0,2,0,4,0,0,6,0,0,5,0,11,0,0,12,0,0,0,1,0,0,0,0,1,0,0,0,0,0,0,0,0,0
K15_09_3,0,0,11,0,0,1,2,2,0,3,0,0,0,0,0,0,1,0,0,0,0,0,0,2,1,0,0,11,0,0,0,4,0,0,0,1,0,0,0,3,1,0,0,31,0,0,0,0,0,0,0,0,0,0,0,0,4,0,0,0,0,1,0,0,6,0,0,1,0,17,0,0,8,0,0,0,0,0,0,0,3,1,0,0,0,0,0,1,0,0,0
K15_10_1,0,0,0,0,0,0,0,0,2,0,0,0,0,0,0,5,2,0,0,0,0,0,0,1,1,0,0,15,0,0,0,0,0,0,0,0,0,0,0,2,0,0,0,2,3,0,0,0,0,0,0,0,0,0,0,0,1,0,2,1,0,0,1,0,0,0,0,3,0,27,0,0,7,0,0,0,0,3,0,0,0,0,0,0,0,0,0,0,0,0,0
K15_10_3,0,0,2,0,0,0,2,0,3,0,0,0,0,0,0,2,8,0,0,0,0,0,0,0,0,0,0,8,0,0,0,1,0,0,0,1,0,0,0,3,3,0,0,1,2,0,0,0,0,0,0,0,0,0,0,0,1,0,0,0,0,1,0,0,8,0,0,9,0,30,0,0,13,0,0,0,0,0,0,0,1,1,0,0,0,0,0,0,0,0,0
K15_11_1,0,0,1,0,0,0,0,6,2,0,0,0,0,0,0,3,0,0,0,0,0,5,0,0,0,0,0,11,0,0,0,9,0,0,0,2,0,0,1,0,0,0,0,8,0,0,1,0,0,0,0,0,0,0,0,1,1,0,0,0,0,0,0,0,5,0,0,30,0,3,0,0,13,0,0,0,0,0,0,0,0,0,0,0,0,0,0,0,0,0,0
K15_11_3,0,0,0,1,0,0,2,3,2,1,0,0,1,0,0,2,0,0,0,0,0,0,0,1,0,0,0,14,0,0,0,0,0,0,0,0,0,0,0,2,0,0,0,3,1,0,1,0,0,0,0,0,0,0,0,0,2,0,0,2,0,0,0,0,0,0,0,6,0,7,0,0,25,0,0,0,0,3,0,0,1,3,0,0,0,0,0,0,0,0,0
K15_12_1,0,0,0,0,0,0,0,0,0,2,0,0,0,0,0,6,0,0,0,0,0,0,0,0,0,0,0,7,0,0,0,9,0,0,0,0,0,0,0,0,1,0,0,1,0,0,1,0,0,0,0,0,0,0,0,0,0,0,0,0,0,0,2,0,4,0,0,49,0,5,0,0,9,0,0,0,0,0,0,0,0,0,0,0,0,0,0,0,0,0,0
K15_12_3,0,0,0,2,3,0,0,1,0,0,0,0,0,1,0,2,0,0,0,0,0,0,0,0,0,0,0,26,0,0,0,1,0,0,0,0,0,0,0,0,0,0,0,0,1,0,1,0,0,0,0,0,0,0,0,0,0,0,1,8,0,0,1,0,0,0,0,1,0,13,0,0,6,0,0,0,0,6,0,0,5,1,0,0,0,0,0,0,0,0,0
K15_13_1,0,0,0,0,0,0,0,0,0,0,0,0,0,0,3,4,0,0,0,0,0,0,0,0,0,0,0,0,0,0,0,1,0,0,0,0,0,0,1,0,1,0,0,1,0,0,4,0,0,0,0,0,0,0,0,0,0,0,1,0,0,0,0,0,2,0,0,1,0,0,0,0,0,0,0,0,0,1,0,0,1,1,0,0,0,0,0,0,0,0,0
K15_13_3,0,0,0,0,0,0,5,9,0,12,0,0,0,2,26,2,0,0,0,0,0,0,0,0,0,0,0,2,0,0,0,36,0,0,0,19,0,0,1,0,2,0,0,6,0,1,0,4,0,0,0,0,0,0,0,0,2,0,0,0,0,0,0,0,0,0,0,7,1,0,0,0,2,0,0,0,0,0,0,0,3,0,0,0,0,1,0,2,0,0,0
K15_14_1,0,0,0,0,0,0,0,1,0,1,0,0,0,0,0,4,0,0,0,0,0,0,0,0,0,0,0,0,0,0,0,6,0,0,0,1,0,0,1,0,0,0,0,1,0,0,2,0,0,0,0,0,0,0,0,0,0,0,0,0,0,0,0,0,1,0,0,29,0,0,0,0,0,0,0,0,0,4,0,0,0,0,0,0,0,0,0,0,0,0,0
K15_14_3,0,0,0,0,0,0,0,2,0,0,0,0,0,0,6,1,1,0,0,0,0,0,0,0,0,0,0,1,0,0,0,2,1,0,0,3,0,0,0,0,4,0,0,1,0,0,0,0,0,0,0,0,0,0,0,0,0,0,0,0,0,1,2,0,1,0,0,3,0,0,0,0,0,0,0,0,0,0,0,0,1,1,0,0,0,3,0,3,0,0,0
K15_15_1,0,0,0,0,0,0,0,1,0,16,0,0,0,0,2,4,5,0,0,0,0,0,0,1,0,0,0,8,0,0,0,0,0,0,0,1,0,0,2,0,0,0,0,16,0,0,0,0,0,0,0,0,0,0,0,0,0,0,0,0,0,0,1,0,15,0,0,46,0,3,0,0,4,0,0,0,2,11,0,0,9,0,0,0,0,0,0,0,0,0,0
K15_15_3,0,0,0,0,3,0,1,12,0,2,0,0,0,0,1,0,0,0,0,0,0,0,0,0,0,0,0,3,0,0,0,0,24,4,0,0,0,0,1,0,1,0,0,2,0,0,0,0,0,0,0,0,0,0,0,0,1,0,0,0,0,0,1,0,15,1,0,52,0,3,0,0,1,0,0,3,0,4,0,0,2,0,0,0,0,0,0,0,0,0,0
K15_16_1,0,0,0,0,0,0,0,1,0,7,0,0,0,0,2,2,7,0,0,0,0,0,0,0,0,0,0,5,0,0,0,0,0,0,0,9,0,0,2,0,0,0,0,4,0,0,0,1,0,0,0,0,0,0,0,0,1,0,2,0,0,0,0,0,7,0,0,4,0,20,0,0,10,0,0,0,0,7,0,0,0,2,0,0,0,0,0,0,0,0,0
K15_16_3,0,0,0,0,1,0,0,9,0,3,0,0,0,0,0,2,1,0,0,0,0,0,0,0,0,0,0,7,0,0,0,2,35,0,0,1,0,0,4,0,0,0,0,0,0,0,2,0,0,0,0,0,0,0,0,0,6,1,0,2,0,1,0,0,4,0,0,16,0,0,0,0,4,0,0,0,0,1,0,0,0,0,0,0,0,0,0,0,0,0,0
K15_17_2,0,0,0,0,0,3,0,4,0,4,0,0,1,0,0,4,0,0,0,0,0,0,0,0,0,0,0,9,2,0,0,1,0,1,0,0,0,0,4,0,0,0,0,0,0,1,2,1,0,0,0,0,0,0,0,0,2,0,0,1,0,0,0,0,1,2,0,7,0,2,0,0,4,0,0,0,0,3,0,0,1,5,0,0,0,1,0,0,0,0,0
K15_17_3,0,0,1,0,0,4,2,2,0,2,0,0,0,0,0,2,3,0,0,0,0,0,0,0,0,0,0,11,2,0,1,14,14,1,0,4,0,0,13,0,0,0,0,0,0,2,1,0,0,0,0,0,0,0,0,0,3,0,0,2,0,0,1,0,1,4,0,8,0,0,0,0,8,0,0,0,0,2,0,0,18,1,0,0,0,0,0,0,0,0,0
K15_18_1,0,0,0,0,0,0,0,1,0,10,0,0,0,0,0,0,2,0,1,0,0,0,0,0,0,0,0,10,0,0,0,1,0,0,0,0,0,0,0,0,0,0,0,0,1,0,2,0,0,0,0,0,0,0,0,0,3,0,0,1,0,0,0,0,4,0,0,13,0,9,0,0,3,0,0,0,0,1,0,0,2,1,0,0,0,0,0,0,0,0,0
K15_18_3,0,0,2,0,0,0,1,1,0,6,0,0,0,0,1,3,4,0,0,0,0,0,0,0,0,0,0,13,0,0,0,3,5,0,0,2,0,0,2,0,0,0,0,1,5,2,0,0,0,0,0,0,1,1,0,0,3,0,0,1,0,0,0,0,6,0,0,8,1,6,0,0,20,0,0,0,1,3,0,0,13,1,0,0,0,0,0,0,0,0,0
K15_19_1,0,0,0,0,0,0,0,0,0,2,0,0,0,0,0,3,2,0,0,0,0,0,0,1,0,0,0,28,0,0,0,1,0,0,0,0,0,0,0,0,0,0,0,2,5,0,2,0,0,0,0,0,0,0,0,0,3,0,0,1,0,0,2,0,0,0,0,9,0,10,0,0,5,0,0,0,0,0,0,0,0,0,0,0,0,0,0,0,0,0,0
K15_19_3,0,0,2,0,0,0,0,0,0,0,0,0,0,0,0,0,1,0,0,0,0,0,0,0,0,0,0,10,0,0,0,0,0,0,0,4,0,0,1,0,2,0,0,0,6,0,0,0,0,0,0,0,0,0,0,0,5,0,0,1,0,0,0,0,1,0,0,22,1,8,0,0,5,0,0,0,0,0,0,0,0,0,0,0,0,0,0,0,0,0,0
K15_20_1,0,0,0,0,0,0,1,0,0,0,0,0,0,0,0,0,7,0,0,0,0,0,0,0,0,0,0,15,0,0,2,4,0,0,0,0,0,0,2,0,1,0,0,0,5,0,0,0,0,0,0,0,0,0,0,0,3,0,0,9,0,0,0,0,0,0,0,0,0,85,0,0,5,0,0,0,0,0,0,0,0,0,0,0,0,0,0,0,0,0,0
K15_20_3,0,0,2,0,0,0,2,2,0,0,0,0,0,1,0,1,1,0,0,0,0,0,0,0,0,0,0,1,0,0,0,0,0,0,0,4,0,0,2,0,1,0,0,0,2,0,0,0,0,0,0,0,0,0,0,0,2,0,0,10,0,0,1,0,0,0,0,0,0,70,0,0,6,0,0,0,0,0,0,0,3,0,0,0,0,0,0,1,0,0,0
K15_21_1,0,0,0,5,0,3,0,2,0,1,0,0,0,0,0,11,12,0,0,0,0,0,0,0,0,0,0,6,0,0,0,4,7,0,0,1,0,0,5,0,0,0,0,0,0,1,1,0,0,0,0,0,0,0,0,0,2,0,0,2,0,0,0,0,0,2,0,3,0,2,0,0,1,0,0,0,0,1,0,0,0,0,0,0,0,0,0,0,0,0,0
K15_21_3,0,0,1,1,1,9,4,23,0,0,0,0,0,0,0,8,3,0,0,0,0,0,0,0,0,0,0,1,7,0,1,2,94,0,0,5,0,0,13,0,0,0,0,4,1,3,5,2,0,0,0,1,0,0,0,0,6,0,0,0,0,0,0,0,4,8,0,3,0,3,0,0,5,0,0,0,0,3,0,0,0,0,0,5,1,1,0,1,0,0,0
K15_22_1,0,0,0,0,3,2,0,0,0,1,0,0,0,0,0,7,3,1,0,0,0,0,0,0,0,0,1,14,0,0,0,0,0,0,0,0,0,0,1,0,0,0,0,0,0,0,0,0,0,0,0,0,0,0,0,0,0,0,0,0,0,0,0,0,0,0,0,8,0,4,0,0,2,0,0,0,0,5,0,0,1,0,0,0,0,1,0,0,0,0,0
K15_22_3,0,0,1,0,0,1,0,4,0,5,0,0,0,0,0,0,0,0,0,0,0,0,0,0,0,0,0,1,0,0,0,9,0,0,0,8,0,0,3,0,2,0,0,0,0,1,1,1,0,0,0,0,0,0,0,0,7,0,0,0,0,1,0,0,1,0,0,21,0,0,0,0,4,0,0,0,0,0,0,0,0,0,0,3,0,1,0,0,0,0,0
K15_23_1,0,0,0,4,1,0,0,0,1,0,0,0,0,0,0,0,3,0,0,0,0,0,0,0,0,0,0,3,0,0,0,0,0,1,0,0,0,0,0,0,0,0,0,0,0,0,0,0,0,0,0,0,0,0,0,0,0,0,0,1,0,0,0,0,0,0,0,1,1,6,0,0,1,0,0,0,0,1,0,0,5,0,0,0,0,0,0,0,0,0,0
K15_23_3,0,0,1,2,1,0,0,0,0,6,0,0,0,0,0,3,1,0,0,0,0,0,0,0,0,0,0,0,0,0,2,1,0,0,0,1,0,0,4,0,0,0,0,0,0,0,0,0,0,0,0,0,0,0,0,0,10,0,0,0,0,0,1,0,0,0,0,49,0,2,0,0,9,0,0,0,0,3,0,0,0,0,0,0,0,0,0,0,0,0,0
K15_24_1,0,0,0,3,0,0,0,0,0,0,0,0,0,0,0,1,0,0,0,0,0,0,0,0,0,0,0,0,0,0,0,0,0,0,0,0,0,0,1,0,0,0,0,0,0,0,0,0,0,0,0,0,0,0,0,0,3,0,0,0,0,0,9,0,0,0,0,2,0,0,0,0,1,0,0,0,0,1,0,0,1,0,0,0,0,0,0,0,0,0,0
K15_24_3,0,0,0,3,1,9,0,3,0,0,0,0,4,0,0,3,0,0,0,0,0,0,0,0,0,0,0,0,18,0,7,0,12,0,0,6,4,0,12,0,3,0,0,0,0,5,0,0,0,0,2,0,0,0,0,0,0,0,0,0,0,0,1,0,1,20,0,5,0,0,0,0,2,0,0,0,0,1,0,0,0,0,0,0,0,0,0,0,0,1,0
K15_25_1,0,0,0,1,0,0,0,0,0,0,0,0,0,0,0,0,0,0,0,0,0,0,0,0,0,0,0,0,0,0,0,0,0,0,0,0,0,0,0,0,0,0,0,0,0,1,0,0,0,0,0,0,0,0,0,0,0,0,1,0,0,0,1,0,0,0,0,3,0,3,0,0,1,0,0,0,0,1,0,0,1,0,0,0,0,0,0,0,0,0,0
K15_25_3,0,0,1,0,0,0,2,0,0,2,0,0,0,0,4,1,0,0,0,0,0,0,0,0,0,0,0,0,0,0,3,0,0,0,0,5,0,0,0,0,1,0,0,1,1,1,0,0,0,0,0,0,0,0,0,0,1,0,0,3,0,0,0,0,11,0,0,19,0,3,0,0,0,0,0,0,0,2,0,0,1,0,0,1,0,0,0,0,0,0,0
